timestamp,stack_free,task_name[0],task_name[1],task_name[2],task_name[3],task_name[4],task_name[5],task_name[6],task_name[7],task_name[8],task_name[9],task_name[10],task_name[11],task_name[12],task_name[13],task_name[14],task_name[15]
326428155,332,115,101,110,115,111,114,115,0,0,0,0,0,0,0,0,0
326428171,660,99,111,109,109,97,110,100,101,114,0,0,0,0,0,0,0
327430320,316,112,120,52,105,111,0,0,0,0,0,0,0,0,0,0,0
327430338,740,109,97,118,108,105,110,107,95,105,102,48,0,0,0,0,0
328430347,1148,109,97,118,108,105,110,107,95,114,99,118,95,105,102,48,0
328430363,756,109,97,118,108,105,110,107,95,105,102,49,0,0,0,0,0
329433255,580,109,97,118,108,105,110,107,95,114,99,118,95,105,102,49,0
329433290,1852,99,111,109,109,97,110,100,101,114,95,108,111,119,95,112,114
330434486,452,108,111,103,103,101,114,0,0,0,0,0,0,0,0,0,0
330434501,500,108,111,103,95,119,114,105,116,101,114,95,102,105,108,101,0
331435389,708,101,107,102,50,0,0,0,0,0,0,0,0,0,0,0,0
331435404,532,102,119,95,97,116,116,95,99,111,110,116,114,111,108,0,0
332437387,356,102,119,95,112,111,115,95,99,116,114,108,95,108,49,0,0
332437400,444,110,97,118,105,103,97,116,111,114,0,0,0,0,0,0,0
333439382,900,104,112,119,111,114,107,0,0,0,0,0,0,0,0,0,0
333439403,1116,108,112,119,111,114,107,0,0,0,0,0,0,0,0,0,0
334440302,716,105,110,105,116,0,0,0,0,0,0,0,0,0,0,0,0
334440317,468,103,112,115,0,0,0,0,0,0,0,0,0,0,0,0,0
335441254,500,100,97,116,97,109,97,110,0,0,0,0,0,0,0,0,0
335441266,332,115,101,110,115,111,114,115,0,0,0,0,0,0,0,0,0
336443230,660,99,111,109,109,97,110,100,101,114,0,0,0,0,0,0,0
336443244,316,112,120,52,105,111,0,0,0,0,0,0,0,0,0,0,0
337444158,740,109,97,118,108,105,110,107,95,105,102,48,0,0,0,0,0
337444179,1148,109,97,118,108,105,110,107,95,114,99,118,95,105,102,48,0
338445911,756,109,97,118,108,105,110,107,95,105,102,49,0,0,0,0,0
338445925,580,109,97,118,108,105,110,107,95,114,99,118,95,105,102,49,0
339446316,1852,99,111,109,109,97,110,100,101,114,95,108,111,119,95,112,114
339446329,452,108,111,103,103,101,114,0,0,0,0,0,0,0,0,0,0
340447166,500,108,111,103,95,119,114,105,116,101,114,95,102,105,108,101,0
340447183,708,101,107,102,50,0,0,0,0,0,0,0,0,0,0,0,0
341449980,532,102,119,95,97,116,116,95,99,111,110,116,114,111,108,0,0
341450036,356,102,119,95,112,111,115,95,99,116,114,108,95,108,49,0,0
342451255,444,110,97,118,105,103,97,116,111,114,0,0,0,0,0,0,0
342451303,900,104,112,119,111,114,107,0,0,0,0,0,0,0,0,0,0
343452626,1116,108,112,119,111,114,107,0,0,0,0,0,0,0,0,0,0
343452642,716,105,110,105,116,0,0,0,0,0,0,0,0,0,0,0,0
344453302,468,103,112,115,0,0,0,0,0,0,0,0,0,0,0,0,0
344453316,500,100,97,116,97,109,97,110,0,0,0,0,0,0,0,0,0
345453250,332,115,101,110,115,111,114,115,0,0,0,0,0,0,0,0,0
345453265,660,99,111,109,109,97,110,100,101,114,0,0,0,0,0,0,0
346454271,316,112,120,52,105,111,0,0,0,0,0,0,0,0,0,0,0
346454365,740,109,97,118,108,105,110,107,95,105,102,48,0,0,0,0,0
347455237,1148,109,97,118,108,105,110,107,95,114,99,118,95,105,102,48,0
347455254,756,109,97,118,108,105,110,107,95,105,102,49,0,0,0,0,0
348456744,580,109,97,118,108,105,110,107,95,114,99,118,95,105,102,49,0
348456779,1852,99,111,109,109,97,110,100,101,114,95,108,111,119,95,112,114
349457264,452,108,111,103,103,101,114,0,0,0,0,0,0,0,0,0,0
349457307,500,108,111,103,95,119,114,105,116,101,114,95,102,105,108,101,0
350458233,708,101,107,102,50,0,0,0,0,0,0,0,0,0,0,0,0
350458247,532,102,119,95,97,116,116,95,99,111,110,116,114,111,108,0,0
351459161,356,102,119,95,112,111,115,95,99,116,114,108,95,108,49,0,0
351459174,444,110,97,118,105,103,97,116,111,114,0,0,0,0,0,0,0
352461871,900,104,112,119,111,114,107,0,0,0,0,0,0,0,0,0,0
352461892,1116,108,112,119,111,114,107,0,0,0,0,0,0,0,0,0,0
353462302,716,105,110,105,116,0,0,0,0,0,0,0,0,0,0,0,0
353462317,468,103,112,115,0,0,0,0,0,0,0,0,0,0,0,0,0
354463820,500,100,97,116,97,109,97,110,0,0,0,0,0,0,0,0,0
354463831,332,115,101,110,115,111,114,115,0,0,0,0,0,0,0,0,0
355464345,660,99,111,109,109,97,110,100,101,114,0,0,0,0,0,0,0
355464356,316,112,120,52,105,111,0,0,0,0,0,0,0,0,0,0,0
357467293,756,109,97,118,108,105,110,107,95,105,102,49,0,0,0,0,0
357467308,580,109,97,118,108,105,110,107,95,114,99,118,95,105,102,49,0
358468218,1852,99,111,109,109,97,110,100,101,114,95,108,111,119,95,112,114
358468231,452,108,111,103,103,101,114,0,0,0,0,0,0,0,0,0,0
359469657,484,108,111,103,95,119,114,105,116,101,114,95,102,105,108,101,0
359469674,708,101,107,102,50,0,0,0,0,0,0,0,0,0,0,0,0
360471595,532,102,119,95,97,116,116,95,99,111,110,116,114,111,108,0,0
360471608,356,102,119,95,112,111,115,95,99,116,114,108,95,108,49,0,0
361472490,444,110,97,118,105,103,97,116,111,114,0,0,0,0,0,0,0
361472592,900,104,112,119,111,114,107,0,0,0,0,0,0,0,0,0,0
362474200,1116,108,112,119,111,114,107,0,0,0,0,0,0,0,0,0,0
362474216,716,105,110,105,116,0,0,0,0,0,0,0,0,0,0,0,0
363477802,468,103,112,115,0,0,0,0,0,0,0,0,0,0,0,0,0
363477815,500,100,97,116,97,109,97,110,0,0,0,0,0,0,0,0,0
364477153,332,115,101,110,115,111,114,115,0,0,0,0,0,0,0,0,0
364477168,660,99,111,109,109,97,110,100,101,114,0,0,0,0,0,0,0
365478688,316,112,120,52,105,111,0,0,0,0,0,0,0,0,0,0,0
365478705,740,109,97,118,108,105,110,107,95,105,102,48,0,0,0,0,0
366479170,1148,109,97,118,108,105,110,107,95,114,99,118,95,105,102,48,0
366479186,756,109,97,118,108,105,110,107,95,105,102,49,0,0,0,0,0
367480801,580,109,97,118,108,105,110,107,95,114,99,118,95,105,102,49,0
367480885,1852,99,111,109,109,97,110,100,101,114,95,108,111,119,95,112,114
368481197,452,108,111,103,103,101,114,0,0,0,0,0,0,0,0,0,0
368481211,484,108,111,103,95,119,114,105,116,101,114,95,102,105,108,101,0
369483207,708,101,107,102,50,0,0,0,0,0,0,0,0,0,0,0,0
369483222,532,102,119,95,97,116,116,95,99,111,110,116,114,111,108,0,0
370484777,356,102,119,95,112,111,115,95,99,116,114,108,95,108,49,0,0
370484793,444,110,97,118,105,103,97,116,111,114,0,0,0,0,0,0,0
371485265,900,104,112,119,111,114,107,0,0,0,0,0,0,0,0,0,0
371485286,1116,108,112,119,111,114,107,0,0,0,0,0,0,0,0,0,0
372486229,716,105,110,105,116,0,0,0,0,0,0,0,0,0,0,0,0
372486244,468,103,112,115,0,0,0,0,0,0,0,0,0,0,0,0,0
373487239,500,100,97,116,97,109,97,110,0,0,0,0,0,0,0,0,0
373487250,332,115,101,110,115,111,114,115,0,0,0,0,0,0,0,0,0
374489623,660,99,111,109,109,97,110,100,101,114,0,0,0,0,0,0,0
374489634,316,112,120,52,105,111,0,0,0,0,0,0,0,0,0,0,0
375492576,740,109,97,118,108,105,110,107,95,105,102,48,0,0,0,0,0
375492601,1148,109,97,118,108,105,110,107,95,114,99,118,95,105,102,48,0
376493230,756,109,97,118,108,105,110,107,95,105,102,49,0,0,0,0,0
376493245,580,109,97,118,108,105,110,107,95,114,99,118,95,105,102,49,0
377493971,1852,99,111,109,109,97,110,100,101,114,95,108,111,119,95,112,114
377493984,452,108,111,103,103,101,114,0,0,0,0,0,0,0,0,0,0
378494221,484,108,111,103,95,119,114,105,116,101,114,95,102,105,108,101,0
378494238,708,101,107,102,50,0,0,0,0,0,0,0,0,0,0,0,0
379496105,532,102,119,95,97,116,116,95,99,111,110,116,114,111,108,0,0
379496118,356,102,119,95,112,111,115,95,99,116,114,108,95,108,49,0,0
380497193,444,110,97,118,105,103,97,116,111,114,0,0,0,0,0,0,0
380497237,900,104,112,119,111,114,107,0,0,0,0,0,0,0,0,0,0
381498338,1116,108,112,119,111,114,107,0,0,0,0,0,0,0,0,0,0
381498354,716,105,110,105,116,0,0,0,0,0,0,0,0,0,0,0,0
382499325,468,103,112,115,0,0,0,0,0,0,0,0,0,0,0,0,0
382499338,500,100,97,116,97,109,97,110,0,0,0,0,0,0,0,0,0
383500252,332,115,101,110,115,111,114,115,0,0,0,0,0,0,0,0,0
383500267,660,99,111,109,109,97,110,100,101,114,0,0,0,0,0,0,0
384502780,316,112,120,52,105,111,0,0,0,0,0,0,0,0,0,0,0
384502796,740,109,97,118,108,105,110,107,95,105,102,48,0,0,0,0,0
385503659,1148,109,97,118,108,105,110,107,95,114,99,118,95,105,102,48,0
385503676,756,109,97,118,108,105,110,107,95,105,102,49,0,0,0,0,0
386505841,580,109,97,118,108,105,110,107,95,114,99,118,95,105,102,49,0
386505876,1852,99,111,109,109,97,110,100,101,114,95,108,111,119,95,112,114
387506214,452,108,111,103,103,101,114,0,0,0,0,0,0,0,0,0,0
387506228,484,108,111,103,95,119,114,105,116,101,114,95,102,105,108,101,0
388508803,708,101,107,102,50,0,0,0,0,0,0,0,0,0,0,0,0
388508818,532,102,119,95,97,116,116,95,99,111,110,116,114,111,108,0,0
389509154,356,102,119,95,112,111,115,95,99,116,114,108,95,108,49,0,0
389509167,444,110,97,118,105,103,97,116,111,114,0,0,0,0,0,0,0
390510409,900,104,112,119,111,114,107,0,0,0,0,0,0,0,0,0,0
390510460,1116,108,112,119,111,114,107,0,0,0,0,0,0,0,0,0,0
391511164,716,105,110,105,116,0,0,0,0,0,0,0,0,0,0,0,0
391511180,468,103,112,115,0,0,0,0,0,0,0,0,0,0,0,0,0
392512157,500,100,97,116,97,109,97,110,0,0,0,0,0,0,0,0,0
392512169,332,115,101,110,115,111,114,115,0,0,0,0,0,0,0,0,0
393513157,660,99,111,109,109,97,110,100,101,114,0,0,0,0,0,0,0
393513168,316,112,120,52,105,111,0,0,0,0,0,0,0,0,0,0,0
394514762,740,109,97,118,108,105,110,107,95,105,102,48,0,0,0,0,0
394514784,1148,109,97,118,108,105,110,107,95,114,99,118,95,105,102,48,0
395515360,756,109,97,118,108,105,110,107,95,105,102,49,0,0,0,0,0
395515378,580,109,97,118,108,105,110,107,95,114,99,118,95,105,102,49,0
396516896,1852,99,111,109,109,97,110,100,101,114,95,108,111,119,95,112,114
396516909,452,108,111,103,103,101,114,0,0,0,0,0,0,0,0,0,0
397517156,484,108,111,103,95,119,114,105,116,101,114,95,102,105,108,101,0
397517173,708,101,107,102,50,0,0,0,0,0,0,0,0,0,0,0,0
398518598,532,102,119,95,97,116,116,95,99,111,110,116,114,111,108,0,0
398518611,356,102,119,95,112,111,115,95,99,116,114,108,95,108,49,0,0
399519162,444,110,97,118,105,103,97,116,111,114,0,0,0,0,0,0,0
399519206,900,104,112,119,111,114,107,0,0,0,0,0,0,0,0,0,0
400520342,1116,108,112,119,111,114,107,0,0,0,0,0,0,0,0,0,0
400520358,716,105,110,105,116,0,0,0,0,0,0,0,0,0,0,0,0
401521164,468,103,112,115,0,0,0,0,0,0,0,0,0,0,0,0,0
401521178,500,100,97,116,97,109,97,110,0,0,0,0,0,0,0,0,0
402522194,332,115,101,110,115,111,114,115,0,0,0,0,0,0,0,0,0
402522209,660,99,111,109,109,97,110,100,101,114,0,0,0,0,0,0,0
403525650,316,112,120,52,105,111,0,0,0,0,0,0,0,0,0,0,0
403525912,740,109,97,118,108,105,110,107,95,105,102,48,0,0,0,0,0
404527841,1148,109,97,118,108,105,110,107,95,114,99,118,95,105,102,48,0
404527857,756,109,97,118,108,105,110,107,95,105,102,49,0,0,0,0,0
405528252,580,109,97,118,108,105,110,107,95,114,99,118,95,105,102,49,0
405528287,1852,99,111,109,109,97,110,100,101,114,95,108,111,119,95,112,114
406529921,452,108,111,103,103,101,114,0,0,0,0,0,0,0,0,0,0
406529935,484,108,111,103,95,119,114,105,116,101,114,95,102,105,108,101,0
407530995,708,101,107,102,50,0,0,0,0,0,0,0,0,0,0,0,0
407531010,532,102,119,95,97,116,116,95,99,111,110,116,114,111,108,0,0
408531195,356,102,119,95,112,111,115,95,99,116,114,108,95,108,49,0,0
408531209,444,110,97,118,105,103,97,116,111,114,0,0,0,0,0,0,0
409532186,900,104,112,119,111,114,107,0,0,0,0,0,0,0,0,0,0
409532206,1116,108,112,119,111,114,107,0,0,0,0,0,0,0,0,0,0
410539160,716,105,110,105,116,0,0,0,0,0,0,0,0,0,0,0,0
410539176,468,103,112,115,0,0,0,0,0,0,0,0,0,0,0,0,0
411541946,500,100,97,116,97,109,97,110,0,0,0,0,0,0,0,0,0
411541957,332,115,101,110,115,111,114,115,0,0,0,0,0,0,0,0,0
412542328,660,99,111,109,109,97,110,100,101,114,0,0,0,0,0,0,0
412542339,316,112,120,52,105,111,0,0,0,0,0,0,0,0,0,0,0
413543877,740,109,97,118,108,105,110,107,95,105,102,48,0,0,0,0,0
413543899,1148,109,97,118,108,105,110,107,95,114,99,118,95,105,102,48,0
414544801,756,109,97,118,108,105,110,107,95,105,102,49,0,0,0,0,0
414544815,580,109,97,118,108,105,110,107,95,114,99,118,95,105,102,49,0
415546129,1852,99,111,109,109,97,110,100,101,114,95,108,111,119,95,112,114
415546142,452,108,111,103,103,101,114,0,0,0,0,0,0,0,0,0,0
416547235,484,108,111,103,95,119,114,105,116,101,114,95,102,105,108,101,0
416547252,708,101,107,102,50,0,0,0,0,0,0,0,0,0,0,0,0
417551110,532,102,119,95,97,116,116,95,99,111,110,116,114,111,108,0,0
417551123,356,102,119,95,112,111,115,95,99,116,114,108,95,108,49,0,0
418554042,444,110,97,118,105,103,97,116,111,114,0,0,0,0,0,0,0
418554086,900,104,112,119,111,114,107,0,0,0,0,0,0,0,0,0,0
419556290,1116,108,112,119,111,114,107,0,0,0,0,0,0,0,0,0,0
419556306,716,105,110,105,116,0,0,0,0,0,0,0,0,0,0,0,0
420557161,468,103,112,115,0,0,0,0,0,0,0,0,0,0,0,0,0
420557175,500,100,97,116,97,109,97,110,0,0,0,0,0,0,0,0,0
421560546,332,115,101,110,115,111,114,115,0,0,0,0,0,0,0,0,0
421562113,660,99,111,109,109,97,110,100,101,114,0,0,0,0,0,0,0
422563159,316,112,120,52,105,111,0,0,0,0,0,0,0,0,0,0,0
422563204,740,109,97,118,108,105,110,107,95,105,102,48,0,0,0,0,0
423564398,1148,109,97,118,108,105,110,107,95,114,99,118,95,105,102,48,0
423564415,756,109,97,118,108,105,110,107,95,105,102,49,0,0,0,0,0
424568225,580,109,97,118,108,105,110,107,95,114,99,118,95,105,102,49,0
424568260,1852,99,111,109,109,97,110,100,101,114,95,108,111,119,95,112,114
425569189,452,108,111,103,103,101,114,0,0,0,0,0,0,0,0,0,0
425569203,484,108,111,103,95,119,114,105,116,101,114,95,102,105,108,101,0
426570563,708,101,107,102,50,0,0,0,0,0,0,0,0,0,0,0,0
426570578,532,102,119,95,97,116,116,95,99,111,110,116,114,111,108,0,0
427571191,356,102,119,95,112,111,115,95,99,116,114,108,95,108,49,0,0
427571204,444,110,97,118,105,103,97,116,111,114,0,0,0,0,0,0,0
428572494,900,104,112,119,111,114,107,0,0,0,0,0,0,0,0,0,0
428572659,1116,108,112,119,111,114,107,0,0,0,0,0,0,0,0,0,0
429576333,716,105,110,105,116,0,0,0,0,0,0,0,0,0,0,0,0
429576349,468,103,112,115,0,0,0,0,0,0,0,0,0,0,0,0,0
430577242,500,100,97,116,97,109,97,110,0,0,0,0,0,0,0,0,0
430577254,332,115,101,110,115,111,114,115,0,0,0,0,0,0,0,0,0
431579973,660,99,111,109,109,97,110,100,101,114,0,0,0,0,0,0,0
431579984,316,112,120,52,105,111,0,0,0,0,0,0,0,0,0,0,0
432580161,740,109,97,118,108,105,110,107,95,105,102,48,0,0,0,0,0
432580183,1148,109,97,118,108,105,110,107,95,114,99,118,95,105,102,48,0
433586699,756,109,97,118,108,105,110,107,95,105,102,49,0,0,0,0,0
433586713,580,109,97,118,108,105,110,107,95,114,99,118,95,105,102,49,0
434587374,1852,99,111,109,109,97,110,100,101,114,95,108,111,119,95,112,114
434587387,452,108,111,103,103,101,114,0,0,0,0,0,0,0,0,0,0
435592646,484,108,111,103,95,119,114,105,116,101,114,95,102,105,108,101,0
435592665,708,101,107,102,50,0,0,0,0,0,0,0,0,0,0,0,0
436593311,532,102,119,95,97,116,116,95,99,111,110,116,114,111,108,0,0
436598695,356,102,119,95,112,111,115,95,99,116,114,108,95,108,49,0,0
437601467,444,110,97,118,105,103,97,116,111,114,0,0,0,0,0,0,0
437601511,900,104,112,119,111,114,107,0,0,0,0,0,0,0,0,0,0
438603443,1116,108,112,119,111,114,107,0,0,0,0,0,0,0,0,0,0
438603459,716,105,110,105,116,0,0,0,0,0,0,0,0,0,0,0,0
439605396,468,103,112,115,0,0,0,0,0,0,0,0,0,0,0,0,0
439605409,500,100,97,116,97,109,97,110,0,0,0,0,0,0,0,0,0
440607811,332,115,101,110,115,111,114,115,0,0,0,0,0,0,0,0,0
440607827,660,99,111,109,109,97,110,100,101,114,0,0,0,0,0,0,0
441612241,316,112,120,52,105,111,0,0,0,0,0,0,0,0,0,0,0
441612259,740,109,97,118,108,105,110,107,95,105,102,48,0,0,0,0,0
442613772,1148,109,97,118,108,105,110,107,95,114,99,118,95,105,102,48,0
442613789,756,109,97,118,108,105,110,107,95,105,102,49,0,0,0,0,0
443614219,580,109,97,118,108,105,110,107,95,114,99,118,95,105,102,49,0
443614282,1852,99,111,109,109,97,110,100,101,114,95,108,111,119,95,112,114
444616299,452,108,111,103,103,101,114,0,0,0,0,0,0,0,0,0,0
444616313,484,108,111,103,95,119,114,105,116,101,114,95,102,105,108,101,0
445617189,708,101,107,102,50,0,0,0,0,0,0,0,0,0,0,0,0
445617203,532,102,119,95,97,116,116,95,99,111,110,116,114,111,108,0,0
446623106,356,102,119,95,112,111,115,95,99,116,114,108,95,108,49,0,0
446623120,444,110,97,118,105,103,97,116,111,114,0,0,0,0,0,0,0
447625952,900,104,112,119,111,114,107,0,0,0,0,0,0,0,0,0,0
447625973,1116,108,112,119,111,114,107,0,0,0,0,0,0,0,0,0,0
448626400,716,105,110,105,116,0,0,0,0,0,0,0,0,0,0,0,0
448626416,468,103,112,115,0,0,0,0,0,0,0,0,0,0,0,0,0
449627234,500,100,97,116,97,109,97,110,0,0,0,0,0,0,0,0,0
449627245,332,115,101,110,115,111,114,115,0,0,0,0,0,0,0,0,0
450631602,660,99,111,109,109,97,110,100,101,114,0,0,0,0,0,0,0
450631614,316,112,120,52,105,111,0,0,0,0,0,0,0,0,0,0,0
451633094,740,109,97,118,108,105,110,107,95,105,102,48,0,0,0,0,0
451633120,1148,109,97,118,108,105,110,107,95,114,99,118,95,105,102,48,0
452635497,756,109,97,118,108,105,110,107,95,105,102,49,0,0,0,0,0
452635512,580,109,97,118,108,105,110,107,95,114,99,118,95,105,102,49,0
453637310,1852,99,111,109,109,97,110,100,101,114,95,108,111,119,95,112,114
453637323,452,108,111,103,103,101,114,0,0,0,0,0,0,0,0,0,0
454640192,484,108,111,103,95,119,114,105,116,101,114,95,102,105,108,101,0
454640250,708,101,107,102,50,0,0,0,0,0,0,0,0,0,0,0,0
455643282,532,102,119,95,97,116,116,95,99,111,110,116,114,111,108,0,0
455643294,356,102,119,95,112,111,115,95,99,116,114,108,95,108,49,0,0
456646035,444,110,97,118,105,103,97,116,111,114,0,0,0,0,0,0,0
456646084,900,104,112,119,111,114,107,0,0,0,0,0,0,0,0,0,0
457647314,1116,108,112,119,111,114,107,0,0,0,0,0,0,0,0,0,0
457647330,716,105,110,105,116,0,0,0,0,0,0,0,0,0,0,0,0
458648351,468,103,112,115,0,0,0,0,0,0,0,0,0,0,0,0,0
458648364,500,100,97,116,97,109,97,110,0,0,0,0,0,0,0,0,0
459649716,332,115,101,110,115,111,114,115,0,0,0,0,0,0,0,0,0
459649732,660,99,111,109,109,97,110,100,101,114,0,0,0,0,0,0,0
460650216,316,112,120,52,105,111,0,0,0,0,0,0,0,0,0,0,0
460650232,740,109,97,118,108,105,110,107,95,105,102,48,0,0,0,0,0
461651310,1148,109,97,118,108,105,110,107,95,114,99,118,95,105,102,48,0
461651326,756,109,97,118,108,105,110,107,95,105,102,49,0,0,0,0,0
462652897,580,109,97,118,108,105,110,107,95,114,99,118,95,105,102,49,0
462653195,1852,99,111,109,109,97,110,100,101,114,95,108,111,119,95,112,114
463656131,452,108,111,103,103,101,114,0,0,0,0,0,0,0,0,0,0
463656145,484,108,111,103,95,119,114,105,116,101,114,95,102,105,108,101,0
464657163,708,101,107,102,50,0,0,0,0,0,0,0,0,0,0,0,0
464657178,532,102,119,95,97,116,116,95,99,111,110,116,114,111,108,0,0
465658216,356,102,119,95,112,111,115,95,99,116,114,108,95,108,49,0,0
465658230,444,110,97,118,105,103,97,116,111,114,0,0,0,0,0,0,0
466660436,900,104,112,119,111,114,107,0,0,0,0,0,0,0,0,0,0
466660457,1116,108,112,119,111,114,107,0,0,0,0,0,0,0,0,0,0
467661268,716,105,110,105,116,0,0,0,0,0,0,0,0,0,0,0,0
467661283,468,103,112,115,0,0,0,0,0,0,0,0,0,0,0,0,0
468668800,500,100,97,116,97,109,97,110,0,0,0,0,0,0,0,0,0
468668811,332,115,101,110,115,111,114,115,0,0,0,0,0,0,0,0,0
469669566,660,99,111,109,109,97,110,100,101,114,0,0,0,0,0,0,0
469669578,316,112,120,52,105,111,0,0,0,0,0,0,0,0,0,0,0
470671352,740,109,97,118,108,105,110,107,95,105,102,48,0,0,0,0,0
470671373,1148,109,97,118,108,105,110,107,95,114,99,118,95,105,102,48,0
471677835,756,109,97,118,108,105,110,107,95,105,102,49,0,0,0,0,0
471677850,580,109,97,118,108,105,110,107,95,114,99,118,95,105,102,49,0
472678376,1852,99,111,109,109,97,110,100,101,114,95,108,111,119,95,112,114
472678389,452,108,111,103,103,101,114,0,0,0,0,0,0,0,0,0,0
473683392,484,108,111,103,95,119,114,105,116,101,114,95,102,105,108,101,0
473683409,708,101,107,102,50,0,0,0,0,0,0,0,0,0,0,0,0
474685054,532,102,119,95,97,116,116,95,99,111,110,116,114,111,108,0,0
474685066,356,102,119,95,112,111,115,95,99,116,114,108,95,108,49,0,0
475687841,444,110,97,118,105,103,97,116,111,114,0,0,0,0,0,0,0
475687885,900,104,112,119,111,114,107,0,0,0,0,0,0,0,0,0,0
476689505,1116,108,112,119,111,114,107,0,0,0,0,0,0,0,0,0,0
476689520,716,105,110,105,116,0,0,0,0,0,0,0,0,0,0,0,0
477690295,468,103,112,115,0,0,0,0,0,0,0,0,0,0,0,0,0
477690308,500,100,97,116,97,109,97,110,0,0,0,0,0,0,0,0,0
478692399,332,115,101,110,115,111,114,115,0,0,0,0,0,0,0,0,0
478692415,660,99,111,109,109,97,110,100,101,114,0,0,0,0,0,0,0
479692157,316,112,120,52,105,111,0,0,0,0,0,0,0,0,0,0,0
479692173,740,109,97,118,108,105,110,107,95,105,102,48,0,0,0,0,0
480693682,1148,109,97,118,108,105,110,107,95,114,99,118,95,105,102,48,0
480693699,756,109,97,118,108,105,110,107,95,105,102,49,0,0,0,0,0
481699973,580,109,97,118,108,105,110,107,95,114,99,118,95,105,102,49,0
481700008,1852,99,111,109,109,97,110,100,101,114,95,108,111,119,95,112,114
482700158,452,108,111,103,103,101,114,0,0,0,0,0,0,0,0,0,0
482700172,484,108,111,103,95,119,114,105,116,101,114,95,102,105,108,101,0
483701159,708,101,107,102,50,0,0,0,0,0,0,0,0,0,0,0,0
483701173,532,102,119,95,97,116,116,95,99,111,110,116,114,111,108,0,0
484702752,356,102,119,95,112,111,115,95,99,116,114,108,95,108,49,0,0
484702766,444,110,97,118,105,103,97,116,111,114,0,0,0,0,0,0,0
485703472,900,104,112,119,111,114,107,0,0,0,0,0,0,0,0,0,0
485703492,1116,108,112,119,111,114,107,0,0,0,0,0,0,0,0,0,0
486706172,716,105,110,105,116,0,0,0,0,0,0,0,0,0,0,0,0
486706187,468,103,112,115,0,0,0,0,0,0,0,0,0,0,0,0,0
487707353,500,100,97,116,97,109,97,110,0,0,0,0,0,0,0,0,0
487707364,332,115,101,110,115,111,114,115,0,0,0,0,0,0,0,0,0
488709447,660,99,111,109,109,97,110,100,101,114,0,0,0,0,0,0,0
488709458,316,112,120,52,105,111,0,0,0,0,0,0,0,0,0,0,0
489711329,740,109,97,118,108,105,110,107,95,105,102,48,0,0,0,0,0
489711441,1148,109,97,118,108,105,110,107,95,114,99,118,95,105,102,48,0
490712233,756,109,97,118,108,105,110,107,95,105,102,49,0,0,0,0,0
490712248,580,109,97,118,108,105,110,107,95,114,99,118,95,105,102,49,0
491713221,1852,99,111,109,109,97,110,100,101,114,95,108,111,119,95,112,114
491713234,452,108,111,103,103,101,114,0,0,0,0,0,0,0,0,0,0
492714418,484,108,111,103,95,119,114,105,116,101,114,95,102,105,108,101,0
492714488,708,101,107,102,50,0,0,0,0,0,0,0,0,0,0,0,0
493716884,532,102,119,95,97,116,116,95,99,111,110,116,114,111,108,0,0
493716896,356,102,119,95,112,111,115,95,99,116,114,108,95,108,49,0,0
494717684,444,110,97,118,105,103,97,116,111,114,0,0,0,0,0,0,0
494717728,900,104,112,119,111,114,107,0,0,0,0,0,0,0,0,0,0
495718418,1116,108,112,119,111,114,107,0,0,0,0,0,0,0,0,0,0
495718434,716,105,110,105,116,0,0,0,0,0,0,0,0,0,0,0,0
496718351,468,103,112,115,0,0,0,0,0,0,0,0,0,0,0,0,0
496718364,500,100,97,116,97,109,97,110,0,0,0,0,0,0,0,0,0
497721905,332,115,101,110,115,111,114,115,0,0,0,0,0,0,0,0,0
497721920,660,99,111,109,109,97,110,100,101,114,0,0,0,0,0,0,0
498721411,316,112,120,52,105,111,0,0,0,0,0,0,0,0,0,0,0
498721427,740,109,97,118,108,105,110,107,95,105,102,48,0,0,0,0,0
499725992,1148,109,97,118,108,105,110,107,95,114,99,118,95,105,102,48,0
499726009,756,109,97,118,108,105,110,107,95,105,102,49,0,0,0,0,0
500726401,580,109,97,118,108,105,110,107,95,114,99,118,95,105,102,49,0
500726654,1852,99,111,109,109,97,110,100,101,114,95,108,111,119,95,112,114
501727292,452,108,111,103,103,101,114,0,0,0,0,0,0,0,0,0,0
501727306,484,108,111,103,95,119,114,105,116,101,114,95,102,105,108,101,0
502728927,708,101,107,102,50,0,0,0,0,0,0,0,0,0,0,0,0
502728942,532,102,119,95,97,116,116,95,99,111,110,116,114,111,108,0,0
503729238,356,102,119,95,112,111,115,95,99,116,114,108,95,108,49,0,0
503729252,444,110,97,118,105,103,97,116,111,114,0,0,0,0,0,0,0
504730288,900,104,112,119,111,114,107,0,0,0,0,0,0,0,0,0,0
504730309,1116,108,112,119,111,114,107,0,0,0,0,0,0,0,0,0,0
505732933,716,105,110,105,116,0,0,0,0,0,0,0,0,0,0,0,0
505732949,468,103,112,115,0,0,0,0,0,0,0,0,0,0,0,0,0
506733268,500,100,97,116,97,109,97,110,0,0,0,0,0,0,0,0,0
506733280,332,115,101,110,115,111,114,115,0,0,0,0,0,0,0,0,0
507735859,660,99,111,109,109,97,110,100,101,114,0,0,0,0,0,0,0
507735871,316,112,120,52,105,111,0,0,0,0,0,0,0,0,0,0,0
508736158,740,109,97,118,108,105,110,107,95,105,102,48,0,0,0,0,0
508736179,1148,109,97,118,108,105,110,107,95,114,99,118,95,105,102,48,0
509736213,756,109,97,118,108,105,110,107,95,105,102,49,0,0,0,0,0
509736227,580,109,97,118,108,105,110,107,95,114,99,118,95,105,102,49,0
510737276,1852,99,111,109,109,97,110,100,101,114,95,108,111,119,95,112,114
510737288,452,108,111,103,103,101,114,0,0,0,0,0,0,0,0,0,0
511738222,484,108,111,103,95,119,114,105,116,101,114,95,102,105,108,101,0
511738239,708,101,107,102,50,0,0,0,0,0,0,0,0,0,0,0,0
512739298,532,102,119,95,97,116,116,95,99,111,110,116,114,111,108,0,0
512739310,356,102,119,95,112,111,115,95,99,116,114,108,95,108,49,0,0
513740269,444,110,97,118,105,103,97,116,111,114,0,0,0,0,0,0,0
513740313,900,104,112,119,111,114,107,0,0,0,0,0,0,0,0,0,0
514741313,1116,108,112,119,111,114,107,0,0,0,0,0,0,0,0,0,0
514742577,716,105,110,105,116,0,0,0,0,0,0,0,0,0,0,0,0
515743979,468,103,112,115,0,0,0,0,0,0,0,0,0,0,0,0,0
515743993,500,100,97,116,97,109,97,110,0,0,0,0,0,0,0,0,0
516744316,332,115,101,110,115,111,114,115,0,0,0,0,0,0,0,0,0
516744331,660,99,111,109,109,97,110,100,101,114,0,0,0,0,0,0,0
517746906,316,112,120,52,105,111,0,0,0,0,0,0,0,0,0,0,0
517746922,740,109,97,118,108,105,110,107,95,105,102,48,0,0,0,0,0
518747206,1148,109,97,118,108,105,110,107,95,114,99,118,95,105,102,48,0
518747223,756,109,97,118,108,105,110,107,95,105,102,49,0,0,0,0,0
519748324,580,109,97,118,108,105,110,107,95,114,99,118,95,105,102,49,0
519748359,1852,99,111,109,109,97,110,100,101,114,95,108,111,119,95,112,114
520749393,452,108,111,103,103,101,114,0,0,0,0,0,0,0,0,0,0
520749407,484,108,111,103,95,119,114,105,116,101,114,95,102,105,108,101,0
521750866,708,101,107,102,50,0,0,0,0,0,0,0,0,0,0,0,0
521750883,532,102,119,95,97,116,116,95,99,111,110,116,114,111,108,0,0
522751235,356,102,119,95,112,111,115,95,99,116,114,108,95,108,49,0,0
522751249,444,110,97,118,105,103,97,116,111,114,0,0,0,0,0,0,0
523754776,900,104,112,119,111,114,107,0,0,0,0,0,0,0,0,0,0
523754797,1116,108,112,119,111,114,107,0,0,0,0,0,0,0,0,0,0
524755164,716,105,110,105,116,0,0,0,0,0,0,0,0,0,0,0,0
524755180,468,103,112,115,0,0,0,0,0,0,0,0,0,0,0,0,0
525757127,500,100,97,116,97,109,97,110,0,0,0,0,0,0,0,0,0
525757139,332,115,101,110,115,111,114,115,0,0,0,0,0,0,0,0,0
526759218,660,99,111,109,109,97,110,100,101,114,0,0,0,0,0,0,0
526759230,316,112,120,52,105,111,0,0,0,0,0,0,0,0,0,0,0
528762427,756,109,97,118,108,105,110,107,95,105,102,49,0,0,0,0,0
528762441,580,109,97,118,108,105,110,107,95,114,99,118,95,105,102,49,0
529764324,1852,99,111,109,109,97,110,100,101,114,95,108,111,119,95,112,114
529764337,452,108,111,103,103,101,114,0,0,0,0,0,0,0,0,0,0
530765259,484,108,111,103,95,119,114,105,116,101,114,95,102,105,108,101,0
530765275,708,101,107,102,50,0,0,0,0,0,0,0,0,0,0,0,0
531766409,532,102,119,95,97,116,116,95,99,111,110,116,114,111,108,0,0
531766421,356,102,119,95,112,111,115,95,99,116,114,108,95,108,49,0,0
532767508,444,110,97,118,105,103,97,116,111,114,0,0,0,0,0,0,0
532767638,900,104,112,119,111,114,107,0,0,0,0,0,0,0,0,0,0
533768882,1116,108,112,119,111,114,107,0,0,0,0,0,0,0,0,0,0
533768898,716,105,110,105,116,0,0,0,0,0,0,0,0,0,0,0,0
534769161,468,103,112,115,0,0,0,0,0,0,0,0,0,0,0,0,0
534769175,500,100,97,116,97,109,97,110,0,0,0,0,0,0,0,0,0
535771393,332,115,101,110,115,111,114,115,0,0,0,0,0,0,0,0,0
535771408,660,99,111,109,109,97,110,100,101,114,0,0,0,0,0,0,0
536774267,316,112,120,52,105,111,0,0,0,0,0,0,0,0,0,0,0
536774375,740,109,97,118,108,105,110,107,95,105,102,48,0,0,0,0,0
537775922,1148,109,97,118,108,105,110,107,95,114,99,118,95,105,102,48,0
537775939,756,109,97,118,108,105,110,107,95,105,102,49,0,0,0,0,0
538776291,580,109,97,118,108,105,110,107,95,114,99,118,95,105,102,49,0
538776325,1852,99,111,109,109,97,110,100,101,114,95,108,111,119,95,112,114
539777155,452,108,111,103,103,101,114,0,0,0,0,0,0,0,0,0,0
539777169,484,108,111,103,95,119,114,105,116,101,114,95,102,105,108,101,0
540779369,708,101,107,102,50,0,0,0,0,0,0,0,0,0,0,0,0
540779385,532,102,119,95,97,116,116,95,99,111,110,116,114,111,108,0,0
541780441,356,102,119,95,112,111,115,95,99,116,114,108,95,108,49,0,0
541780454,444,110,97,118,105,103,97,116,111,114,0,0,0,0,0,0,0
542781295,900,104,112,119,111,114,107,0,0,0,0,0,0,0,0,0,0
542781316,1116,108,112,119,111,114,107,0,0,0,0,0,0,0,0,0,0
543782820,716,105,110,105,116,0,0,0,0,0,0,0,0,0,0,0,0
543782865,468,103,112,115,0,0,0,0,0,0,0,0,0,0,0,0,0
544783395,500,100,97,116,97,109,97,110,0,0,0,0,0,0,0,0,0
544783407,332,115,101,110,115,111,114,115,0,0,0,0,0,0,0,0,0
545784268,660,99,111,109,109,97,110,100,101,114,0,0,0,0,0,0,0
545784279,316,112,120,52,105,111,0,0,0,0,0,0,0,0,0,0,0
546785928,740,109,97,118,108,105,110,107,95,105,102,48,0,0,0,0,0
546785950,1148,109,97,118,108,105,110,107,95,114,99,118,95,105,102,48,0
547786781,756,109,97,118,108,105,110,107,95,105,102,49,0,0,0,0,0
547786795,580,109,97,118,108,105,110,107,95,114,99,118,95,105,102,49,0
548787625,1852,99,111,109,109,97,110,100,101,114,95,108,111,119,95,112,114
548787638,452,108,111,103,103,101,114,0,0,0,0,0,0,0,0,0,0
549788704,484,108,111,103,95,119,114,105,116,101,114,95,102,105,108,101,0
549788725,708,101,107,102,50,0,0,0,0,0,0,0,0,0,0,0,0
550789262,532,102,119,95,97,116,116,95,99,111,110,116,114,111,108,0,0
550789274,356,102,119,95,112,111,115,95,99,116,114,108,95,108,49,0,0
551790559,444,110,97,118,105,103,97,116,111,114,0,0,0,0,0,0,0
551790603,900,104,112,119,111,114,107,0,0,0,0,0,0,0,0,0,0
552795890,1116,108,112,119,111,114,107,0,0,0,0,0,0,0,0,0,0
552795906,716,105,110,105,116,0,0,0,0,0,0,0,0,0,0,0,0
553796225,468,103,112,115,0,0,0,0,0,0,0,0,0,0,0,0,0
553796239,500,100,97,116,97,109,97,110,0,0,0,0,0,0,0,0,0
554799815,332,115,101,110,115,111,114,115,0,0,0,0,0,0,0,0,0
554799830,660,99,111,109,109,97,110,100,101,114,0,0,0,0,0,0,0
555800371,316,112,120,52,105,111,0,0,0,0,0,0,0,0,0,0,0
555800387,740,109,97,118,108,105,110,107,95,105,102,48,0,0,0,0,0
556802654,1148,109,97,118,108,105,110,107,95,114,99,118,95,105,102,48,0
556802673,756,109,97,118,108,105,110,107,95,105,102,49,0,0,0,0,0
557802614,580,109,97,118,108,105,110,107,95,114,99,118,95,105,102,49,0
557802649,1852,99,111,109,109,97,110,100,101,114,95,108,111,119,95,112,114
558803944,452,108,111,103,103,101,114,0,0,0,0,0,0,0,0,0,0
558803958,484,108,111,103,95,119,114,105,116,101,114,95,102,105,108,101,0
559804339,708,101,107,102,50,0,0,0,0,0,0,0,0,0,0,0,0
559804354,532,102,119,95,97,116,116,95,99,111,110,116,114,111,108,0,0
560805974,356,102,119,95,112,111,115,95,99,116,114,108,95,108,49,0,0
560805988,436,110,97,118,105,103,97,116,111,114,0,0,0,0,0,0,0
561807433,900,104,112,119,111,114,107,0,0,0,0,0,0,0,0,0,0
561807493,1116,108,112,119,111,114,107,0,0,0,0,0,0,0,0,0,0
562808176,716,105,110,105,116,0,0,0,0,0,0,0,0,0,0,0,0
562808192,468,103,112,115,0,0,0,0,0,0,0,0,0,0,0,0,0
563809155,500,100,97,116,97,109,97,110,0,0,0,0,0,0,0,0,0
563809167,332,115,101,110,115,111,114,115,0,0,0,0,0,0,0,0,0
564810313,660,99,111,109,109,97,110,100,101,114,0,0,0,0,0,0,0
564810324,316,112,120,52,105,111,0,0,0,0,0,0,0,0,0,0,0
565811226,740,109,97,118,108,105,110,107,95,105,102,48,0,0,0,0,0
565811248,1148,109,97,118,108,105,110,107,95,114,99,118,95,105,102,48,0
566812377,756,109,97,118,108,105,110,107,95,105,102,49,0,0,0,0,0
566812391,580,109,97,118,108,105,110,107,95,114,99,118,95,105,102,49,0
567815572,1852,99,111,109,109,97,110,100,101,114,95,108,111,119,95,112,114
567815585,452,108,111,103,103,101,114,0,0,0,0,0,0,0,0,0,0
568816156,484,108,111,103,95,119,114,105,116,101,114,95,102,105,108,101,0
568816173,708,101,107,102,50,0,0,0,0,0,0,0,0,0,0,0,0
569817224,532,102,119,95,97,116,116,95,99,111,110,116,114,111,108,0,0
569817237,356,102,119,95,112,111,115,95,99,116,114,108,95,108,49,0,0
570818772,436,110,97,118,105,103,97,116,111,114,0,0,0,0,0,0,0
570818904,900,104,112,119,111,114,107,0,0,0,0,0,0,0,0,0,0
571820452,1116,108,112,119,111,114,107,0,0,0,0,0,0,0,0,0,0
571820468,716,105,110,105,116,0,0,0,0,0,0,0,0,0,0,0,0
572821255,468,103,112,115,0,0,0,0,0,0,0,0,0,0,0,0,0
572821268,500,100,97,116,97,109,97,110,0,0,0,0,0,0,0,0,0
573822514,332,115,101,110,115,111,114,115,0,0,0,0,0,0,0,0,0
573822533,660,99,111,109,109,97,110,100,101,114,0,0,0,0,0,0,0
574823573,316,112,120,52,105,111,0,0,0,0,0,0,0,0,0,0,0
574823589,740,109,97,118,108,105,110,107,95,105,102,48,0,0,0,0,0
575824270,1148,109,97,118,108,105,110,107,95,114,99,118,95,105,102,48,0
575824287,756,109,97,118,108,105,110,107,95,105,102,49,0,0,0,0,0
576825558,580,109,97,118,108,105,110,107,95,114,99,118,95,105,102,49,0
576825593,1852,99,111,109,109,97,110,100,101,114,95,108,111,119,95,112,114
577826601,452,108,111,103,103,101,114,0,0,0,0,0,0,0,0,0,0
577826615,484,108,111,103,95,119,114,105,116,101,114,95,102,105,108,101,0
578827310,708,101,107,102,50,0,0,0,0,0,0,0,0,0,0,0,0
578827325,532,102,119,95,97,116,116,95,99,111,110,116,114,111,108,0,0
579828215,356,102,119,95,112,111,115,95,99,116,114,108,95,108,49,0,0
579828228,436,110,97,118,105,103,97,116,111,114,0,0,0,0,0,0,0
580830109,900,104,112,119,111,114,107,0,0,0,0,0,0,0,0,0,0
580830136,1116,108,112,119,111,114,107,0,0,0,0,0,0,0,0,0,0
581831353,716,105,110,105,116,0,0,0,0,0,0,0,0,0,0,0,0
581831368,468,103,112,115,0,0,0,0,0,0,0,0,0,0,0,0,0
582832197,500,100,97,116,97,109,97,110,0,0,0,0,0,0,0,0,0
582832208,332,115,101,110,115,111,114,115,0,0,0,0,0,0,0,0,0
583834550,660,99,111,109,109,97,110,100,101,114,0,0,0,0,0,0,0
583834561,316,112,120,52,105,111,0,0,0,0,0,0,0,0,0,0,0
584835682,740,109,97,118,108,105,110,107,95,105,102,48,0,0,0,0,0
584835704,1148,109,97,118,108,105,110,107,95,114,99,118,95,105,102,48,0
585837850,756,109,97,118,108,105,110,107,95,105,102,49,0,0,0,0,0
585837865,580,109,97,118,108,105,110,107,95,114,99,118,95,105,102,49,0
586839631,1852,99,111,109,109,97,110,100,101,114,95,108,111,119,95,112,114
586839643,452,108,111,103,103,101,114,0,0,0,0,0,0,0,0,0,0
587840167,484,108,111,103,95,119,114,105,116,101,114,95,102,105,108,101,0
587840184,708,101,107,102,50,0,0,0,0,0,0,0,0,0,0,0,0
588841262,532,102,119,95,97,116,116,95,99,111,110,116,114,111,108,0,0
588841275,356,102,119,95,112,111,115,95,99,116,114,108,95,108,49,0,0
589842781,436,110,97,118,105,103,97,116,111,114,0,0,0,0,0,0,0
589842825,900,104,112,119,111,114,107,0,0,0,0,0,0,0,0,0,0
590844950,1116,108,112,119,111,114,107,0,0,0,0,0,0,0,0,0,0
590844965,716,105,110,105,116,0,0,0,0,0,0,0,0,0,0,0,0
591845306,468,103,112,115,0,0,0,0,0,0,0,0,0,0,0,0,0
591845320,500,100,97,116,97,109,97,110,0,0,0,0,0,0,0,0,0
592846386,332,115,101,110,115,111,114,115,0,0,0,0,0,0,0,0,0
592846401,660,99,111,109,109,97,110,100,101,114,0,0,0,0,0,0,0
593848422,316,112,120,52,105,111,0,0,0,0,0,0,0,0,0,0,0
593848438,740,109,97,118,108,105,110,107,95,105,102,48,0,0,0,0,0
594848310,1148,109,97,118,108,105,110,107,95,114,99,118,95,105,102,48,0
594848326,756,109,97,118,108,105,110,107,95,105,102,49,0,0,0,0,0
595850524,580,109,97,118,108,105,110,107,95,114,99,118,95,105,102,49,0
595850559,1852,99,111,109,109,97,110,100,101,114,95,108,111,119,95,112,114
596852524,452,108,111,103,103,101,114,0,0,0,0,0,0,0,0,0,0
596852658,484,108,111,103,95,119,114,105,116,101,114,95,102,105,108,101,0
597853166,708,101,107,102,50,0,0,0,0,0,0,0,0,0,0,0,0
597853181,532,102,119,95,97,116,116,95,99,111,110,116,114,111,108,0,0
598854333,356,102,119,95,112,111,115,95,99,116,114,108,95,108,49,0,0
598854346,436,110,97,118,105,103,97,116,111,114,0,0,0,0,0,0,0
599855651,900,104,112,119,111,114,107,0,0,0,0,0,0,0,0,0,0
599855672,1116,108,112,119,111,114,107,0,0,0,0,0,0,0,0,0,0
600856158,716,105,110,105,116,0,0,0,0,0,0,0,0,0,0,0,0
600856173,468,103,112,115,0,0,0,0,0,0,0,0,0,0,0,0,0
601857769,500,100,97,116,97,109,97,110,0,0,0,0,0,0,0,0,0
601857780,332,115,101,110,115,111,114,115,0,0,0,0,0,0,0,0,0
602859596,660,99,111,109,109,97,110,100,101,114,0,0,0,0,0,0,0
602859607,316,112,120,52,105,111,0,0,0,0,0,0,0,0,0,0,0
603859590,740,109,97,118,108,105,110,107,95,105,102,48,0,0,0,0,0
603859611,1148,109,97,118,108,105,110,107,95,114,99,118,95,105,102,48,0
604860227,756,109,97,118,108,105,110,107,95,105,102,49,0,0,0,0,0
604860241,580,109,97,118,108,105,110,107,95,114,99,118,95,105,102,49,0
605863526,1852,99,111,109,109,97,110,100,101,114,95,108,111,119,95,112,114
605863538,452,108,111,103,103,101,114,0,0,0,0,0,0,0,0,0,0
606865317,484,108,111,103,95,119,114,105,116,101,114,95,102,105,108,101,0
606865392,708,101,107,102,50,0,0,0,0,0,0,0,0,0,0,0,0
607867905,532,102,119,95,97,116,116,95,99,111,110,116,114,111,108,0,0
607867918,356,102,119,95,112,111,115,95,99,116,114,108,95,108,49,0,0
609870412,1116,108,112,119,111,114,107,0,0,0,0,0,0,0,0,0,0
609870724,716,105,110,105,116,0,0,0,0,0,0,0,0,0,0,0,0
610872122,468,103,112,115,0,0,0,0,0,0,0,0,0,0,0,0,0
610872136,500,100,97,116,97,109,97,110,0,0,0,0,0,0,0,0,0
611874629,332,115,101,110,115,111,114,115,0,0,0,0,0,0,0,0,0
611874644,660,99,111,109,109,97,110,100,101,114,0,0,0,0,0,0,0
612874425,316,112,120,52,105,111,0,0,0,0,0,0,0,0,0,0,0
612874441,740,109,97,118,108,105,110,107,95,105,102,48,0,0,0,0,0
613875017,1148,109,97,118,108,105,110,107,95,114,99,118,95,105,102,48,0
613875077,756,109,97,118,108,105,110,107,95,105,102,49,0,0,0,0,0
614878009,580,109,97,118,108,105,110,107,95,114,99,118,95,105,102,49,0
614878053,1852,99,111,109,109,97,110,100,101,114,95,108,111,119,95,112,114
615879418,452,108,111,103,103,101,114,0,0,0,0,0,0,0,0,0,0
615879432,484,108,111,103,95,119,114,105,116,101,114,95,102,105,108,101,0
616881522,708,101,107,102,50,0,0,0,0,0,0,0,0,0,0,0,0
616881536,532,102,119,95,97,116,116,95,99,111,110,116,114,111,108,0,0
617883824,356,102,119,95,112,111,115,95,99,116,114,108,95,108,49,0,0
617883837,436,110,97,118,105,103,97,116,111,114,0,0,0,0,0,0,0
618886267,900,104,112,119,111,114,107,0,0,0,0,0,0,0,0,0,0
618886369,1116,108,112,119,111,114,107,0,0,0,0,0,0,0,0,0,0
619887260,716,105,110,105,116,0,0,0,0,0,0,0,0,0,0,0,0
619887276,468,103,112,115,0,0,0,0,0,0,0,0,0,0,0,0,0
620888155,500,100,97,116,97,109,97,110,0,0,0,0,0,0,0,0,0
620888167,332,115,101,110,115,111,114,115,0,0,0,0,0,0,0,0,0
621890534,660,99,111,109,109,97,110,100,101,114,0,0,0,0,0,0,0
621890545,316,112,120,52,105,111,0,0,0,0,0,0,0,0,0,0,0
622891392,740,109,97,118,108,105,110,107,95,105,102,48,0,0,0,0,0
622891416,1148,109,97,118,108,105,110,107,95,114,99,118,95,105,102,48,0
623893650,756,109,97,118,108,105,110,107,95,105,102,49,0,0,0,0,0
623893665,580,109,97,118,108,105,110,107,95,114,99,118,95,105,102,49,0
624894807,1852,99,111,109,109,97,110,100,101,114,95,108,111,119,95,112,114
624894820,452,108,111,103,103,101,114,0,0,0,0,0,0,0,0,0,0
625895230,484,108,111,103,95,119,114,105,116,101,114,95,102,105,108,101,0
625895247,708,101,107,102,50,0,0,0,0,0,0,0,0,0,0,0,0
626896437,532,102,119,95,97,116,116,95,99,111,110,116,114,111,108,0,0
626896449,356,102,119,95,112,111,115,95,99,116,114,108,95,108,49,0,0
627897249,436,110,97,118,105,103,97,116,111,114,0,0,0,0,0,0,0
627897293,900,104,112,119,111,114,107,0,0,0,0,0,0,0,0,0,0
628898387,1116,108,112,119,111,114,107,0,0,0,0,0,0,0,0,0,0
628898403,716,105,110,105,116,0,0,0,0,0,0,0,0,0,0,0,0
629899163,468,103,112,115,0,0,0,0,0,0,0,0,0,0,0,0,0
629899176,500,100,97,116,97,109,97,110,0,0,0,0,0,0,0,0,0
630900256,332,115,101,110,115,111,114,115,0,0,0,0,0,0,0,0,0
630900271,660,99,111,109,109,97,110,100,101,114,0,0,0,0,0,0,0
631900298,316,112,120,52,105,111,0,0,0,0,0,0,0,0,0,0,0
631900318,740,109,97,118,108,105,110,107,95,105,102,48,0,0,0,0,0
632901417,1148,109,97,118,108,105,110,107,95,114,99,118,95,105,102,48,0
632901437,756,109,97,118,108,105,110,107,95,105,102,49,0,0,0,0,0
633903641,580,109,97,118,108,105,110,107,95,114,99,118,95,105,102,49,0
633903676,1852,99,111,109,109,97,110,100,101,114,95,108,111,119,95,112,114
634904494,452,108,111,103,103,101,114,0,0,0,0,0,0,0,0,0,0
634904508,484,108,111,103,95,119,114,105,116,101,114,95,102,105,108,101,0
635905244,708,101,107,102,50,0,0,0,0,0,0,0,0,0,0,0,0
635905258,532,102,119,95,97,116,116,95,99,111,110,116,114,111,108,0,0
636906465,260,102,119,95,112,111,115,95,99,116,114,108,95,108,49,0,0
637911829,404,110,97,118,105,103,97,116,111,114,0,0,0,0,0,0,0
637911873,900,104,112,119,111,114,107,0,0,0,0,0,0,0,0,0,0
638913218,972,108,112,119,111,114,107,0,0,0,0,0,0,0,0,0,0
638913234,716,105,110,105,116,0,0,0,0,0,0,0,0,0,0,0,0
639915939,468,103,112,115,0,0,0,0,0,0,0,0,0,0,0,0,0
639915952,500,100,97,116,97,109,97,110,0,0,0,0,0,0,0,0,0
640916349,332,115,101,110,115,111,114,115,0,0,0,0,0,0,0,0,0
640916364,660,99,111,109,109,97,110,100,101,114,0,0,0,0,0,0,0
641918391,316,112,120,52,105,111,0,0,0,0,0,0,0,0,0,0,0
641918407,740,109,97,118,108,105,110,107,95,105,102,48,0,0,0,0,0
642918222,1148,109,97,118,108,105,110,107,95,114,99,118,95,105,102,48,0
642918239,756,109,97,118,108,105,110,107,95,105,102,49,0,0,0,0,0
643922789,580,109,97,118,108,105,110,107,95,114,99,118,95,105,102,49,0
643923078,1852,99,111,109,109,97,110,100,101,114,95,108,111,119,95,112,114
644925067,452,108,111,103,103,101,114,0,0,0,0,0,0,0,0,0,0
644925085,484,108,111,103,95,119,114,105,116,101,114,95,102,105,108,101,0
645926249,708,101,107,102,50,0,0,0,0,0,0,0,0,0,0,0,0
645926263,532,102,119,95,97,116,116,95,99,111,110,116,114,111,108,0,0
646926246,260,102,119,95,112,111,115,95,99,116,114,108,95,108,49,0,0
647927345,404,110,97,118,105,103,97,116,111,114,0,0,0,0,0,0,0
647927391,900,104,112,119,111,114,107,0,0,0,0,0,0,0,0,0,0
648928293,972,108,112,119,111,114,107,0,0,0,0,0,0,0,0,0,0
648928313,716,105,110,105,116,0,0,0,0,0,0,0,0,0,0,0,0
649929302,468,103,112,115,0,0,0,0,0,0,0,0,0,0,0,0,0
649929316,500,100,97,116,97,109,97,110,0,0,0,0,0,0,0,0,0
650934525,332,115,101,110,115,111,114,115,0,0,0,0,0,0,0,0,0
650934540,660,99,111,109,109,97,110,100,101,114,0,0,0,0,0,0,0
651935202,316,112,120,52,105,111,0,0,0,0,0,0,0,0,0,0,0
651935218,740,109,97,118,108,105,110,107,95,105,102,48,0,0,0,0,0
652936260,1148,109,97,118,108,105,110,107,95,114,99,118,95,105,102,48,0
652936277,756,109,97,118,108,105,110,107,95,105,102,49,0,0,0,0,0
653938768,580,109,97,118,108,105,110,107,95,114,99,118,95,105,102,49,0
653938803,1852,99,111,109,109,97,110,100,101,114,95,108,111,119,95,112,114
654939344,452,108,111,103,103,101,114,0,0,0,0,0,0,0,0,0,0
654939358,484,108,111,103,95,119,114,105,116,101,114,95,102,105,108,101,0
655940178,708,101,107,102,50,0,0,0,0,0,0,0,0,0,0,0,0
655940193,532,102,119,95,97,116,116,95,99,111,110,116,114,111,108,0,0
656941195,260,102,119,95,112,111,115,95,99,116,114,108,95,108,49,0,0
657943236,404,110,97,118,105,103,97,116,111,114,0,0,0,0,0,0,0
657943280,900,104,112,119,111,114,107,0,0,0,0,0,0,0,0,0,0
658944986,972,108,112,119,111,114,107,0,0,0,0,0,0,0,0,0,0
658945087,716,105,110,105,116,0,0,0,0,0,0,0,0,0,0,0,0
659946658,468,103,112,115,0,0,0,0,0,0,0,0,0,0,0,0,0
659946808,500,100,97,116,97,109,97,110,0,0,0,0,0,0,0,0,0
660948116,332,115,101,110,115,111,114,115,0,0,0,0,0,0,0,0,0
660948131,660,99,111,109,109,97,110,100,101,114,0,0,0,0,0,0,0
661948792,316,112,120,52,105,111,0,0,0,0,0,0,0,0,0,0,0
661948808,740,109,97,118,108,105,110,107,95,105,102,48,0,0,0,0,0
662953901,1148,109,97,118,108,105,110,107,95,114,99,118,95,105,102,48,0
662953918,756,109,97,118,108,105,110,107,95,105,102,49,0,0,0,0,0
663954870,580,109,97,118,108,105,110,107,95,114,99,118,95,105,102,49,0
663954905,1852,99,111,109,109,97,110,100,101,114,95,108,111,119,95,112,114
664956409,452,108,111,103,103,101,114,0,0,0,0,0,0,0,0,0,0
664956423,484,108,111,103,95,119,114,105,116,101,114,95,102,105,108,101,0
665957268,708,101,107,102,50,0,0,0,0,0,0,0,0,0,0,0,0
665957283,532,102,119,95,97,116,116,95,99,111,110,116,114,111,108,0,0
666960099,260,102,119,95,112,111,115,95,99,116,114,108,95,108,49,0,0
667961624,404,110,97,118,105,103,97,116,111,114,0,0,0,0,0,0,0
667961732,900,104,112,119,111,114,107,0,0,0,0,0,0,0,0,0,0
668962324,972,108,112,119,111,114,107,0,0,0,0,0,0,0,0,0,0
668962340,716,105,110,105,116,0,0,0,0,0,0,0,0,0,0,0,0
669963235,468,103,112,115,0,0,0,0,0,0,0,0,0,0,0,0,0
669963248,500,100,97,116,97,109,97,110,0,0,0,0,0,0,0,0,0
670965185,332,115,101,110,115,111,114,115,0,0,0,0,0,0,0,0,0
670965201,660,99,111,109,109,97,110,100,101,114,0,0,0,0,0,0,0
671969699,316,112,120,52,105,111,0,0,0,0,0,0,0,0,0,0,0
671969756,740,109,97,118,108,105,110,107,95,105,102,48,0,0,0,0,0
672970345,1148,109,97,118,108,105,110,107,95,114,99,118,95,105,102,48,0
672970362,756,109,97,118,108,105,110,107,95,105,102,49,0,0,0,0,0
673971553,580,109,97,118,108,105,110,107,95,114,99,118,95,105,102,49,0
673971587,1852,99,111,109,109,97,110,100,101,114,95,108,111,119,95,112,114
674972222,452,108,111,103,103,101,114,0,0,0,0,0,0,0,0,0,0
674972237,484,108,111,103,95,119,114,105,116,101,114,95,102,105,108,101,0
675974448,708,101,107,102,50,0,0,0,0,0,0,0,0,0,0,0,0
675974462,532,102,119,95,97,116,116,95,99,111,110,116,114,111,108,0,0
676975197,260,102,119,95,112,111,115,95,99,116,114,108,95,108,49,0,0
677979712,404,110,97,118,105,103,97,116,111,114,0,0,0,0,0,0,0
677979851,900,104,112,119,111,114,107,0,0,0,0,0,0,0,0,0,0
678982663,972,108,112,119,111,114,107,0,0,0,0,0,0,0,0,0,0
678982850,716,105,110,105,116,0,0,0,0,0,0,0,0,0,0,0,0
679984674,468,103,112,115,0,0,0,0,0,0,0,0,0,0,0,0,0
679984687,500,100,97,116,97,109,97,110,0,0,0,0,0,0,0,0,0
680985216,332,115,101,110,115,111,114,115,0,0,0,0,0,0,0,0,0
680985231,660,99,111,109,109,97,110,100,101,114,0,0,0,0,0,0,0
681986680,316,112,120,52,105,111,0,0,0,0,0,0,0,0,0,0,0
681986696,740,109,97,118,108,105,110,107,95,105,102,48,0,0,0,0,0
683991437,580,109,97,118,108,105,110,107,95,114,99,118,95,105,102,49,0
683991472,1852,99,111,109,109,97,110,100,101,114,95,108,111,119,95,112,114
684993661,452,108,111,103,103,101,114,0,0,0,0,0,0,0,0,0,0
684993675,484,108,111,103,95,119,114,105,116,101,114,95,102,105,108,101,0
685996119,708,101,107,102,50,0,0,0,0,0,0,0,0,0,0,0,0
685996134,532,102,119,95,97,116,116,95,99,111,110,116,114,111,108,0,0
686997295,260,102,119,95,112,111,115,95,99,116,114,108,95,108,49,0,0
687998262,404,110,97,118,105,103,97,116,111,114,0,0,0,0,0,0,0
687998382,900,104,112,119,111,114,107,0,0,0,0,0,0,0,0,0,0
689000624,972,108,112,119,111,114,107,0,0,0,0,0,0,0,0,0,0
689000644,716,105,110,105,116,0,0,0,0,0,0,0,0,0,0,0,0
690001982,468,103,112,115,0,0,0,0,0,0,0,0,0,0,0,0,0
690001996,500,100,97,116,97,109,97,110,0,0,0,0,0,0,0,0,0
691002313,332,115,101,110,115,111,114,115,0,0,0,0,0,0,0,0,0
691002328,660,99,111,109,109,97,110,100,101,114,0,0,0,0,0,0,0
692003189,316,112,120,52,105,111,0,0,0,0,0,0,0,0,0,0,0
692003205,740,109,97,118,108,105,110,107,95,105,102,48,0,0,0,0,0
693005242,1148,109,97,118,108,105,110,107,95,114,99,118,95,105,102,48,0
693005258,756,109,97,118,108,105,110,107,95,105,102,49,0,0,0,0,0
694006257,580,109,97,118,108,105,110,107,95,114,99,118,95,105,102,49,0
694006297,1852,99,111,109,109,97,110,100,101,114,95,108,111,119,95,112,114
695007161,452,108,111,103,103,101,114,0,0,0,0,0,0,0,0,0,0
695007175,484,108,111,103,95,119,114,105,116,101,114,95,102,105,108,101,0
696008254,708,101,107,102,50,0,0,0,0,0,0,0,0,0,0,0,0
696008269,532,102,119,95,97,116,116,95,99,111,110,116,114,111,108,0,0
697013204,260,102,119,95,112,111,115,95,99,116,114,108,95,108,49,0,0
698015208,404,110,97,118,105,103,97,116,111,114,0,0,0,0,0,0,0
698015252,900,104,112,119,111,114,107,0,0,0,0,0,0,0,0,0,0
699018595,972,108,112,119,111,114,107,0,0,0,0,0,0,0,0,0,0
699018611,716,105,110,105,116,0,0,0,0,0,0,0,0,0,0,0,0
700019218,468,103,112,115,0,0,0,0,0,0,0,0,0,0,0,0,0
700019231,500,100,97,116,97,109,97,110,0,0,0,0,0,0,0,0,0
701020293,332,115,101,110,115,111,114,115,0,0,0,0,0,0,0,0,0
701020308,660,99,111,109,109,97,110,100,101,114,0,0,0,0,0,0,0
702021250,316,112,120,52,105,111,0,0,0,0,0,0,0,0,0,0,0
702021266,740,109,97,118,108,105,110,107,95,105,102,48,0,0,0,0,0
703022906,1148,109,97,118,108,105,110,107,95,114,99,118,95,105,102,48,0
703022922,756,109,97,118,108,105,110,107,95,105,102,49,0,0,0,0,0
704027810,580,109,97,118,108,105,110,107,95,114,99,118,95,105,102,49,0
704027845,1852,99,111,109,109,97,110,100,101,114,95,108,111,119,95,112,114
705028377,452,108,111,103,103,101,114,0,0,0,0,0,0,0,0,0,0
705028391,484,108,111,103,95,119,114,105,116,101,114,95,102,105,108,101,0
706029159,708,101,107,102,50,0,0,0,0,0,0,0,0,0,0,0,0
706029174,532,102,119,95,97,116,116,95,99,111,110,116,114,111,108,0,0
707030215,260,102,119,95,112,111,115,95,99,116,114,108,95,108,49,0,0
708033967,380,110,97,118,105,103,97,116,111,114,0,0,0,0,0,0,0
708035577,900,104,112,119,111,114,107,0,0,0,0,0,0,0,0,0,0
709038038,972,108,112,119,111,114,107,0,0,0,0,0,0,0,0,0,0
709038054,716,105,110,105,116,0,0,0,0,0,0,0,0,0,0,0,0
710040751,468,103,112,115,0,0,0,0,0,0,0,0,0,0,0,0,0
710040765,500,100,97,116,97,109,97,110,0,0,0,0,0,0,0,0,0
711045886,332,115,101,110,115,111,114,115,0,0,0,0,0,0,0,0,0
711045902,660,99,111,109,109,97,110,100,101,114,0,0,0,0,0,0,0
712046490,316,112,120,52,105,111,0,0,0,0,0,0,0,0,0,0,0
712046507,740,109,97,118,108,105,110,107,95,105,102,48,0,0,0,0,0
713047372,1148,109,97,118,108,105,110,107,95,114,99,118,95,105,102,48,0
713047389,756,109,97,118,108,105,110,107,95,105,102,49,0,0,0,0,0
714048709,580,109,97,118,108,105,110,107,95,114,99,118,95,105,102,49,0
714048747,1852,99,111,109,109,97,110,100,101,114,95,108,111,119,95,112,114
715049730,452,108,111,103,103,101,114,0,0,0,0,0,0,0,0,0,0
715049793,484,108,111,103,95,119,114,105,116,101,114,95,102,105,108,101,0
716055609,708,101,107,102,50,0,0,0,0,0,0,0,0,0,0,0,0
716055624,532,102,119,95,97,116,116,95,99,111,110,116,114,111,108,0,0
717056158,260,102,119,95,112,111,115,95,99,116,114,108,95,108,49,0,0
718058035,380,110,97,118,105,103,97,116,111,114,0,0,0,0,0,0,0
718058079,900,104,112,119,111,114,107,0,0,0,0,0,0,0,0,0,0
719059207,972,108,112,119,111,114,107,0,0,0,0,0,0,0,0,0,0
719059223,716,105,110,105,116,0,0,0,0,0,0,0,0,0,0,0,0
720065020,468,103,112,115,0,0,0,0,0,0,0,0,0,0,0,0,0
720065035,500,100,97,116,97,109,97,110,0,0,0,0,0,0,0,0,0
721068066,332,115,101,110,115,111,114,115,0,0,0,0,0,0,0,0,0
721068082,660,99,111,109,109,97,110,100,101,114,0,0,0,0,0,0,0
722070592,316,112,120,52,105,111,0,0,0,0,0,0,0,0,0,0,0
722070609,740,109,97,118,108,105,110,107,95,105,102,48,0,0,0,0,0
723072610,1148,109,97,118,108,105,110,107,95,114,99,118,95,105,102,48,0
723072708,756,109,97,118,108,105,110,107,95,105,102,49,0,0,0,0,0
724073445,580,109,97,118,108,105,110,107,95,114,99,118,95,105,102,49,0
724073480,1852,99,111,109,109,97,110,100,101,114,95,108,111,119,95,112,114
725075966,452,108,111,103,103,101,114,0,0,0,0,0,0,0,0,0,0
725075980,484,108,111,103,95,119,114,105,116,101,114,95,102,105,108,101,0
726076364,708,101,107,102,50,0,0,0,0,0,0,0,0,0,0,0,0
726076408,532,102,119,95,97,116,116,95,99,111,110,116,114,111,108,0,0
727077639,260,102,119,95,112,111,115,95,99,116,114,108,95,108,49,0,0
728077481,380,110,97,118,105,103,97,116,111,114,0,0,0,0,0,0,0
728077565,900,104,112,119,111,114,107,0,0,0,0,0,0,0,0,0,0
729078454,948,108,112,119,111,114,107,0,0,0,0,0,0,0,0,0,0
729078470,716,105,110,105,116,0,0,0,0,0,0,0,0,0,0,0,0
730080828,468,103,112,115,0,0,0,0,0,0,0,0,0,0,0,0,0
730080841,500,100,97,116,97,109,97,110,0,0,0,0,0,0,0,0,0
731083084,332,115,101,110,115,111,114,115,0,0,0,0,0,0,0,0,0
731083099,660,99,111,109,109,97,110,100,101,114,0,0,0,0,0,0,0
732085008,316,112,120,52,105,111,0,0,0,0,0,0,0,0,0,0,0
732085086,740,109,97,118,108,105,110,107,95,105,102,48,0,0,0,0,0
733086268,1148,109,97,118,108,105,110,107,95,114,99,118,95,105,102,48,0
733086285,756,109,97,118,108,105,110,107,95,105,102,49,0,0,0,0,0
734087314,580,109,97,118,108,105,110,107,95,114,99,118,95,105,102,49,0
734087349,1852,99,111,109,109,97,110,100,101,114,95,108,111,119,95,112,114
735088199,452,108,111,103,103,101,114,0,0,0,0,0,0,0,0,0,0
735088213,484,108,111,103,95,119,114,105,116,101,114,95,102,105,108,101,0
736090332,708,101,107,102,50,0,0,0,0,0,0,0,0,0,0,0,0
736090347,532,102,119,95,97,116,116,95,99,111,110,116,114,111,108,0,0
737092348,260,102,119,95,112,111,115,95,99,116,114,108,95,108,49,0,0
738092858,380,110,97,118,105,103,97,116,111,114,0,0,0,0,0,0,0
738092902,900,104,112,119,111,114,107,0,0,0,0,0,0,0,0,0,0
739094700,948,108,112,119,111,114,107,0,0,0,0,0,0,0,0,0,0
739094716,716,105,110,105,116,0,0,0,0,0,0,0,0,0,0,0,0
740095642,468,103,112,115,0,0,0,0,0,0,0,0,0,0,0,0,0
740095655,500,100,97,116,97,109,97,110,0,0,0,0,0,0,0,0,0
741098489,332,115,101,110,115,111,114,115,0,0,0,0,0,0,0,0,0
741098505,660,99,111,109,109,97,110,100,101,114,0,0,0,0,0,0,0
742100069,316,112,120,52,105,111,0,0,0,0,0,0,0,0,0,0,0
742100086,740,109,97,118,108,105,110,107,95,105,102,48,0,0,0,0,0
743101175,1148,109,97,118,108,105,110,107,95,114,99,118,95,105,102,48,0
743101192,756,109,97,118,108,105,110,107,95,105,102,49,0,0,0,0,0
744102224,580,109,97,118,108,105,110,107,95,114,99,118,95,105,102,49,0
744102321,1852,99,111,109,109,97,110,100,101,114,95,108,111,119,95,112,114
745104304,452,108,111,103,103,101,114,0,0,0,0,0,0,0,0,0,0
745104624,484,108,111,103,95,119,114,105,116,101,114,95,102,105,108,101,0
746107723,708,101,107,102,50,0,0,0,0,0,0,0,0,0,0,0,0
746109699,532,102,119,95,97,116,116,95,99,111,110,116,114,111,108,0,0
747110212,260,102,119,95,112,111,115,95,99,116,114,108,95,108,49,0,0
748111232,380,110,97,118,105,103,97,116,111,114,0,0,0,0,0,0,0
748111320,900,104,112,119,111,114,107,0,0,0,0,0,0,0,0,0,0
749113306,948,108,112,119,111,114,107,0,0,0,0,0,0,0,0,0,0
749113322,716,105,110,105,116,0,0,0,0,0,0,0,0,0,0,0,0
750114490,468,103,112,115,0,0,0,0,0,0,0,0,0,0,0,0,0
750114503,500,100,97,116,97,109,97,110,0,0,0,0,0,0,0,0,0
751119009,332,115,101,110,115,111,114,115,0,0,0,0,0,0,0,0,0
751119025,660,99,111,109,109,97,110,100,101,114,0,0,0,0,0,0,0
752120153,316,112,120,52,105,111,0,0,0,0,0,0,0,0,0,0,0
752120169,740,109,97,118,108,105,110,107,95,105,102,48,0,0,0,0,0
753122426,1148,109,97,118,108,105,110,107,95,114,99,118,95,105,102,48,0
753122443,756,109,97,118,108,105,110,107,95,105,102,49,0,0,0,0,0
754123858,580,109,97,118,108,105,110,107,95,114,99,118,95,105,102,49,0
754123893,1852,99,111,109,109,97,110,100,101,114,95,108,111,119,95,112,114
755124384,452,108,111,103,103,101,114,0,0,0,0,0,0,0,0,0,0
755124398,484,108,111,103,95,119,114,105,116,101,114,95,102,105,108,101,0
756126056,708,101,107,102,50,0,0,0,0,0,0,0,0,0,0,0,0
756126075,532,102,119,95,97,116,116,95,99,111,110,116,114,111,108,0,0
757127926,260,102,119,95,112,111,115,95,99,116,114,108,95,108,49,0,0
758130016,380,110,97,118,105,103,97,116,111,114,0,0,0,0,0,0,0
758130189,900,104,112,119,111,114,107,0,0,0,0,0,0,0,0,0,0
759136378,948,108,112,119,111,114,107,0,0,0,0,0,0,0,0,0,0
759136394,716,105,110,105,116,0,0,0,0,0,0,0,0,0,0,0,0
761139623,332,115,101,110,115,111,114,115,0,0,0,0,0,0,0,0,0
761139642,660,99,111,109,109,97,110,100,101,114,0,0,0,0,0,0,0
762140214,316,112,120,52,105,111,0,0,0,0,0,0,0,0,0,0,0
762140464,740,109,97,118,108,105,110,107,95,105,102,48,0,0,0,0,0
763142991,1148,109,97,118,108,105,110,107,95,114,99,118,95,105,102,48,0
763143007,756,109,97,118,108,105,110,107,95,105,102,49,0,0,0,0,0
764143250,580,109,97,118,108,105,110,107,95,114,99,118,95,105,102,49,0
764143285,1852,99,111,109,109,97,110,100,101,114,95,108,111,119,95,112,114
765144255,452,108,111,103,103,101,114,0,0,0,0,0,0,0,0,0,0
765144269,484,108,111,103,95,119,114,105,116,101,114,95,102,105,108,101,0
766146860,708,101,107,102,50,0,0,0,0,0,0,0,0,0,0,0,0
766146875,532,102,119,95,97,116,116,95,99,111,110,116,114,111,108,0,0
767147849,260,102,119,95,112,111,115,95,99,116,114,108,95,108,49,0,0
768150591,356,110,97,118,105,103,97,116,111,114,0,0,0,0,0,0,0
768150635,900,104,112,119,111,114,107,0,0,0,0,0,0,0,0,0,0
769155065,948,108,112,119,111,114,107,0,0,0,0,0,0,0,0,0,0
769155081,716,105,110,105,116,0,0,0,0,0,0,0,0,0,0,0,0
770157752,468,103,112,115,0,0,0,0,0,0,0,0,0,0,0,0,0
770157765,500,100,97,116,97,109,97,110,0,0,0,0,0,0,0,0,0
771158796,332,115,101,110,115,111,114,115,0,0,0,0,0,0,0,0,0
771158812,660,99,111,109,109,97,110,100,101,114,0,0,0,0,0,0,0
772161637,316,112,120,52,105,111,0,0,0,0,0,0,0,0,0,0,0
772161653,740,109,97,118,108,105,110,107,95,105,102,48,0,0,0,0,0
773164680,1148,109,97,118,108,105,110,107,95,114,99,118,95,105,102,48,0
773164696,756,109,97,118,108,105,110,107,95,105,102,49,0,0,0,0,0
774165999,580,109,97,118,108,105,110,107,95,114,99,118,95,105,102,49,0
774166351,1852,99,111,109,109,97,110,100,101,114,95,108,111,119,95,112,114
775171867,452,108,111,103,103,101,114,0,0,0,0,0,0,0,0,0,0
775172459,484,108,111,103,95,119,114,105,116,101,114,95,102,105,108,101,0
776173770,708,101,107,102,50,0,0,0,0,0,0,0,0,0,0,0,0
776173785,532,102,119,95,97,116,116,95,99,111,110,116,114,111,108,0,0
777174326,260,102,119,95,112,111,115,95,99,116,114,108,95,108,49,0,0
778175513,356,110,97,118,105,103,97,116,111,114,0,0,0,0,0,0,0
778175557,900,104,112,119,111,114,107,0,0,0,0,0,0,0,0,0,0
779176354,948,108,112,119,111,114,107,0,0,0,0,0,0,0,0,0,0
779176370,716,105,110,105,116,0,0,0,0,0,0,0,0,0,0,0,0
780177630,468,103,112,115,0,0,0,0,0,0,0,0,0,0,0,0,0
780177644,500,100,97,116,97,109,97,110,0,0,0,0,0,0,0,0,0
781183975,332,115,101,110,115,111,114,115,0,0,0,0,0,0,0,0,0
781183990,660,99,111,109,109,97,110,100,101,114,0,0,0,0,0,0,0
782187062,316,112,120,52,105,111,0,0,0,0,0,0,0,0,0,0,0
782187256,740,109,97,118,108,105,110,107,95,105,102,48,0,0,0,0,0
783188169,1148,109,97,118,108,105,110,107,95,114,99,118,95,105,102,48,0
783188186,756,109,97,118,108,105,110,107,95,105,102,49,0,0,0,0,0
784194258,580,109,97,118,108,105,110,107,95,114,99,118,95,105,102,49,0
784194293,1852,99,111,109,109,97,110,100,101,114,95,108,111,119,95,112,114
785195895,452,108,111,103,103,101,114,0,0,0,0,0,0,0,0,0,0
785195909,484,108,111,103,95,119,114,105,116,101,114,95,102,105,108,101,0
786196330,708,101,107,102,50,0,0,0,0,0,0,0,0,0,0,0,0
786196344,532,102,119,95,97,116,116,95,99,111,110,116,114,111,108,0,0
787197207,260,102,119,95,112,111,115,95,99,116,114,108,95,108,49,0,0
788203281,356,110,97,118,105,103,97,116,111,114,0,0,0,0,0,0,0
788203325,900,104,112,119,111,114,107,0,0,0,0,0,0,0,0,0,0
789204207,948,108,112,119,111,114,107,0,0,0,0,0,0,0,0,0,0
789204223,716,105,110,105,116,0,0,0,0,0,0,0,0,0,0,0,0
790205164,468,103,112,115,0,0,0,0,0,0,0,0,0,0,0,0,0
790205177,500,100,97,116,97,109,97,110,0,0,0,0,0,0,0,0,0
791206216,332,115,101,110,115,111,114,115,0,0,0,0,0,0,0,0,0
791206232,660,99,111,109,109,97,110,100,101,114,0,0,0,0,0,0,0
792208130,316,112,120,52,105,111,0,0,0,0,0,0,0,0,0,0,0
792208147,740,109,97,118,108,105,110,107,95,105,102,48,0,0,0,0,0
793209543,1148,109,97,118,108,105,110,107,95,114,99,118,95,105,102,48,0
793209559,756,109,97,118,108,105,110,107,95,105,102,49,0,0,0,0,0
794210931,580,109,97,118,108,105,110,107,95,114,99,118,95,105,102,49,0
794217263,1852,99,111,109,109,97,110,100,101,114,95,108,111,119,95,112,114
795220769,452,108,111,103,103,101,114,0,0,0,0,0,0,0,0,0,0
795220783,484,108,111,103,95,119,114,105,116,101,114,95,102,105,108,101,0
796227081,708,101,107,102,50,0,0,0,0,0,0,0,0,0,0,0,0
796227096,532,102,119,95,97,116,116,95,99,111,110,116,114,111,108,0,0
797228354,260,102,119,95,112,111,115,95,99,116,114,108,95,108,49,0,0
798229414,356,110,97,118,105,103,97,116,111,114,0,0,0,0,0,0,0
798229458,900,104,112,119,111,114,107,0,0,0,0,0,0,0,0,0,0
799230245,948,108,112,119,111,114,107,0,0,0,0,0,0,0,0,0,0
799230261,716,105,110,105,116,0,0,0,0,0,0,0,0,0,0,0,0
800231392,468,103,112,115,0,0,0,0,0,0,0,0,0,0,0,0,0
800231406,500,100,97,116,97,109,97,110,0,0,0,0,0,0,0,0,0
801233935,332,115,101,110,115,111,114,115,0,0,0,0,0,0,0,0,0
801233951,660,99,111,109,109,97,110,100,101,114,0,0,0,0,0,0,0
802235413,316,112,120,52,105,111,0,0,0,0,0,0,0,0,0,0,0
802235430,740,109,97,118,108,105,110,107,95,105,102,48,0,0,0,0,0
803236167,1148,109,97,118,108,105,110,107,95,114,99,118,95,105,102,48,0
803236183,756,109,97,118,108,105,110,107,95,105,102,49,0,0,0,0,0
804237882,580,109,97,118,108,105,110,107,95,114,99,118,95,105,102,49,0
804237917,1852,99,111,109,109,97,110,100,101,114,95,108,111,119,95,112,114
805239643,452,108,111,103,103,101,114,0,0,0,0,0,0,0,0,0,0
805240034,484,108,111,103,95,119,114,105,116,101,114,95,102,105,108,101,0
806241227,708,101,107,102,50,0,0,0,0,0,0,0,0,0,0,0,0
806241242,532,102,119,95,97,116,116,95,99,111,110,116,114,111,108,0,0
807243151,260,102,119,95,112,111,115,95,99,116,114,108,95,108,49,0,0
808245182,356,110,97,118,105,103,97,116,111,114,0,0,0,0,0,0,0
808245226,900,104,112,119,111,114,107,0,0,0,0,0,0,0,0,0,0
809247273,948,108,112,119,111,114,107,0,0,0,0,0,0,0,0,0,0
809247523,716,105,110,105,116,0,0,0,0,0,0,0,0,0,0,0,0
810249322,468,103,112,115,0,0,0,0,0,0,0,0,0,0,0,0,0
810249394,500,100,97,116,97,109,97,110,0,0,0,0,0,0,0,0,0
811252510,332,115,101,110,115,111,114,115,0,0,0,0,0,0,0,0,0
811252584,660,99,111,109,109,97,110,100,101,114,0,0,0,0,0,0,0
812253157,316,112,120,52,105,111,0,0,0,0,0,0,0,0,0,0,0
812253173,740,109,97,118,108,105,110,107,95,105,102,48,0,0,0,0,0
813254487,1148,109,97,118,108,105,110,107,95,114,99,118,95,105,102,48,0
813254503,756,109,97,118,108,105,110,107,95,105,102,49,0,0,0,0,0
814255478,580,109,97,118,108,105,110,107,95,114,99,118,95,105,102,49,0
814255513,1852,99,111,109,109,97,110,100,101,114,95,108,111,119,95,112,114
815256159,452,108,111,103,103,101,114,0,0,0,0,0,0,0,0,0,0
815256173,484,108,111,103,95,119,114,105,116,101,114,95,102,105,108,101,0
816257220,708,101,107,102,50,0,0,0,0,0,0,0,0,0,0,0,0
816257316,532,102,119,95,97,116,116,95,99,111,110,116,114,111,108,0,0
817260230,260,102,119,95,112,111,115,95,99,116,114,108,95,108,49,0,0
818262322,356,110,97,118,105,103,97,116,111,114,0,0,0,0,0,0,0
818262366,900,104,112,119,111,114,107,0,0,0,0,0,0,0,0,0,0
819265422,948,108,112,119,111,114,107,0,0,0,0,0,0,0,0,0,0
819265438,716,105,110,105,116,0,0,0,0,0,0,0,0,0,0,0,0
820266361,468,103,112,115,0,0,0,0,0,0,0,0,0,0,0,0,0
820266378,500,100,97,116,97,109,97,110,0,0,0,0,0,0,0,0,0
821268940,332,115,101,110,115,111,114,115,0,0,0,0,0,0,0,0,0
821268956,660,99,111,109,109,97,110,100,101,114,0,0,0,0,0,0,0
822270293,316,112,120,52,105,111,0,0,0,0,0,0,0,0,0,0,0
822270309,740,109,97,118,108,105,110,107,95,105,102,48,0,0,0,0,0
823273733,1148,109,97,118,108,105,110,107,95,114,99,118,95,105,102,48,0
823273750,756,109,97,118,108,105,110,107,95,105,102,49,0,0,0,0,0
824274219,580,109,97,118,108,105,110,107,95,114,99,118,95,105,102,49,0
824274254,1852,99,111,109,109,97,110,100,101,114,95,108,111,119,95,112,114
825275166,452,108,111,103,103,101,114,0,0,0,0,0,0,0,0,0,0
825275181,484,108,111,103,95,119,114,105,116,101,114,95,102,105,108,101,0
826278704,708,101,107,102,50,0,0,0,0,0,0,0,0,0,0,0,0
826278719,532,102,119,95,97,116,116,95,99,111,110,116,114,111,108,0,0
827279160,260,102,119,95,112,111,115,95,99,116,114,108,95,108,49,0,0
828280409,356,110,97,118,105,103,97,116,111,114,0,0,0,0,0,0,0
828280453,900,104,112,119,111,114,107,0,0,0,0,0,0,0,0,0,0
829282316,948,108,112,119,111,114,107,0,0,0,0,0,0,0,0,0,0
829282332,716,105,110,105,116,0,0,0,0,0,0,0,0,0,0,0,0
830283580,468,103,112,115,0,0,0,0,0,0,0,0,0,0,0,0,0
830283593,500,100,97,116,97,109,97,110,0,0,0,0,0,0,0,0,0
832286669,316,112,120,52,105,111,0,0,0,0,0,0,0,0,0,0,0
832286685,740,109,97,118,108,105,110,107,95,105,102,48,0,0,0,0,0
833287989,1148,109,97,118,108,105,110,107,95,114,99,118,95,105,102,48,0
833288006,756,109,97,118,108,105,110,107,95,105,102,49,0,0,0,0,0
834288263,580,109,97,118,108,105,110,107,95,114,99,118,95,105,102,49,0
834288297,1852,99,111,109,109,97,110,100,101,114,95,108,111,119,95,112,114
835289194,452,108,111,103,103,101,114,0,0,0,0,0,0,0,0,0,0
835289208,484,108,111,103,95,119,114,105,116,101,114,95,102,105,108,101,0
836292001,708,101,107,102,50,0,0,0,0,0,0,0,0,0,0,0,0
836292015,532,102,119,95,97,116,116,95,99,111,110,116,114,111,108,0,0
837294613,260,102,119,95,112,111,115,95,99,116,114,108,95,108,49,0,0
838295502,356,110,97,118,105,103,97,116,111,114,0,0,0,0,0,0,0
838295546,900,104,112,119,111,114,107,0,0,0,0,0,0,0,0,0,0
839296170,948,108,112,119,111,114,107,0,0,0,0,0,0,0,0,0,0
839296186,716,105,110,105,116,0,0,0,0,0,0,0,0,0,0,0,0
840297420,468,103,112,115,0,0,0,0,0,0,0,0,0,0,0,0,0
840297434,500,100,97,116,97,109,97,110,0,0,0,0,0,0,0,0,0
841298311,332,115,101,110,115,111,114,115,0,0,0,0,0,0,0,0,0
841298326,660,99,111,109,109,97,110,100,101,114,0,0,0,0,0,0,0
842299275,316,112,120,52,105,111,0,0,0,0,0,0,0,0,0,0,0
842299292,740,109,97,118,108,105,110,107,95,105,102,48,0,0,0,0,0
843301113,1148,109,97,118,108,105,110,107,95,114,99,118,95,105,102,48,0
843301129,756,109,97,118,108,105,110,107,95,105,102,49,0,0,0,0,0
844304532,580,109,97,118,108,105,110,107,95,114,99,118,95,105,102,49,0
844304625,1852,99,111,109,109,97,110,100,101,114,95,108,111,119,95,112,114
845305424,452,108,111,103,103,101,114,0,0,0,0,0,0,0,0,0,0
845305438,484,108,111,103,95,119,114,105,116,101,114,95,102,105,108,101,0
846306971,708,101,107,102,50,0,0,0,0,0,0,0,0,0,0,0,0
846306986,532,102,119,95,97,116,116,95,99,111,110,116,114,111,108,0,0
847307461,260,102,119,95,112,111,115,95,99,116,114,108,95,108,49,0,0
848308264,356,110,97,118,105,103,97,116,111,114,0,0,0,0,0,0,0
848308308,900,104,112,119,111,114,107,0,0,0,0,0,0,0,0,0,0
849310466,940,108,112,119,111,114,107,0,0,0,0,0,0,0,0,0,0
849310482,716,105,110,105,116,0,0,0,0,0,0,0,0,0,0,0,0
850311654,468,103,112,115,0,0,0,0,0,0,0,0,0,0,0,0,0
850311732,500,100,97,116,97,109,97,110,0,0,0,0,0,0,0,0,0
851312153,332,115,101,110,115,111,114,115,0,0,0,0,0,0,0,0,0
851312169,660,99,111,109,109,97,110,100,101,114,0,0,0,0,0,0,0
852315122,316,112,120,52,105,111,0,0,0,0,0,0,0,0,0,0,0
852315138,740,109,97,118,108,105,110,107,95,105,102,48,0,0,0,0,0
853317688,1148,109,97,118,108,105,110,107,95,114,99,118,95,105,102,48,0
853317708,756,109,97,118,108,105,110,107,95,105,102,49,0,0,0,0,0
854323690,580,109,97,118,108,105,110,107,95,114,99,118,95,105,102,49,0
854323809,1852,99,111,109,109,97,110,100,101,114,95,108,111,119,95,112,114
855325781,452,108,111,103,103,101,114,0,0,0,0,0,0,0,0,0,0
855325796,484,108,111,103,95,119,114,105,116,101,114,95,102,105,108,101,0
856327608,708,101,107,102,50,0,0,0,0,0,0,0,0,0,0,0,0
856327622,532,102,119,95,97,116,116,95,99,111,110,116,114,111,108,0,0
