timestamp,voltage5V_v,usb_connected,brick_valid,servo_valid,periph_5V_OC,hipower_5V_OC
327021702,5.16914,0,1,1,0,0
327321684,5.14336,0,1,1,0,0
327621663,5.12402,0,1,1,0,0
327921663,5.15625,0,1,1,0,0
328231663,5.14014,0,1,1,0,0
328531663,5.14336,0,1,1,0,0
328831663,5.08535,0,1,1,0,0
329131663,5.11113,0,1,1,0,0
329431696,5.1627,0,1,1,0,0
329731662,5.15303,0,1,1,0,0
330031663,5.13691,0,1,1,0,0
330331663,5.15947,0,1,1,0,0
330631663,5.15947,0,1,1,0,0
330941671,5.12402,0,1,1,0,0
331241663,5.13691,0,1,1,0,0
331541663,5.12725,0,1,1,0,0
331841663,5.15786,0,1,1,0,0
332141663,5.15142,0,1,1,0,0
332441664,5.13047,0,1,1,0,0
332741663,5.13691,0,1,1,0,0
333041669,5.12725,0,1,1,0,0
333341663,5.11274,0,1,1,0,0
333641663,5.07246,0,1,1,0,0
333941663,5.11113,0,1,1,0,0
334251662,5.10791,0,1,1,0,0
334551663,5.1627,0,1,1,0,0
334851663,5.15303,0,1,1,0,0
335151663,5.11758,0,1,1,0,0
335451662,5.1498,0,1,1,0,0
335751663,5.11113,0,1,1,0,0
336061663,5.10146,0,1,1,0,0
336361663,5.1627,0,1,1,0,0
336661712,5.11758,0,1,1,0,0
336961663,5.13691,0,1,1,0,0
337261662,5.13691,0,1,1,0,0
337561663,5.16592,0,1,1,0,0
337861663,5.13047,0,1,1,0,0
338161663,5.1498,0,1,1,0,0
338471663,5.16914,0,1,1,0,0
338771677,5.14336,0,1,1,0,0
339071663,5.15947,0,1,1,0,0
339371663,5.15947,0,1,1,0,0
339671662,5.13691,0,1,1,0,0
339971669,5.1627,0,1,1,0,0
340281663,5.10146,0,1,1,0,0
340581663,5.17236,0,1,1,0,0
340881687,5.13047,0,1,1,0,0
341181663,5.13047,0,1,1,0,0
341481663,5.16592,0,1,1,0,0
341781663,5.14336,0,1,1,0,0
342081663,5.13691,0,1,1,0,0
342381712,5.02734,0,1,1,0,0
342681663,5.07891,0,1,1,0,0
342991663,5.1208,0,1,1,0,0
343291663,5.1627,0,1,1,0,0
343591663,5.13853,0,1,1,0,0
343891663,5.1627,0,1,1,0,0
344491679,5.15303,0,1,1,0,0
344791663,5.15303,0,1,1,0,0
345091663,5.14336,0,1,1,0,0
345391663,5.12563,0,1,1,0,0
345691663,5.15303,0,1,1,0,0
346001663,5.13691,0,1,1,0,0
346301663,5.1498,0,1,1,0,0
346601669,5.14014,0,1,1,0,0
346901663,5.09824,0,1,1,0,0
347201663,5.1627,0,1,1,0,0
347501664,5.06602,0,1,1,0,0
347801663,5.15947,0,1,1,0,0
348101712,5.11919,0,1,1,0,0
348401663,5.13691,0,1,1,0,0
348701663,5.17881,0,1,1,0,0
349011663,5.13691,0,1,1,0,0
349311663,5.1498,0,1,1,0,0
349611663,5.1627,0,1,1,0,0
349911702,5.14336,0,1,1,0,0
350211677,5.15303,0,1,1,0,0
350511663,5.12725,0,1,1,0,0
350811663,5.16914,0,1,1,0,0
351111682,5.12725,0,1,1,0,0
351411663,5.14336,0,1,1,0,0
351711663,5.13691,0,1,1,0,0
352021669,5.14658,0,1,1,0,0
352321663,5.13691,0,1,1,0,0
352621663,5.16592,0,1,1,0,0
352921663,5.15303,0,1,1,0,0
353221663,5.13369,0,1,1,0,0
353521663,5.14658,0,1,1,0,0
353821670,5.16914,0,1,1,0,0
354121663,5.14014,0,1,1,0,0
354421663,5.13369,0,1,1,0,0
354731663,5.15464,0,1,1,0,0
355031663,5.13691,0,1,1,0,0
355331663,5.13208,0,1,1,0,0
355631669,5.11274,0,1,1,0,0
356831663,5.13047,0,1,1,0,0
357141667,5.13369,0,1,1,0,0
357441663,5.15947,0,1,1,0,0
357741663,5.12725,0,1,1,0,0
358041663,5.13047,0,1,1,0,0
358341663,5.14658,0,1,1,0,0
358641663,5.15464,0,1,1,0,0
358941705,5.14658,0,1,1,0,0
359241663,5.1627,0,1,1,0,0
359541662,5.16914,0,1,1,0,0
359841663,5.1498,0,1,1,0,0
360151664,5.14336,0,1,1,0,0
360451663,5.14658,0,1,1,0,0
360751663,5.11436,0,1,1,0,0
361051662,5.1498,0,1,1,0,0
361351664,5.15625,0,1,1,0,0
361651677,5.12402,0,1,1,0,0
361951663,5.17559,0,1,1,0,0
362251663,5.11113,0,1,1,0,0
362551663,5.12725,0,1,1,0,0
362861663,5.15625,0,1,1,0,0
363161663,5.13047,0,1,1,0,0
363461663,5.1498,0,1,1,0,0
363761663,5.1498,0,1,1,0,0
364061663,5.12725,0,1,1,0,0
364361663,5.13369,0,1,1,0,0
364661663,5.1627,0,1,1,0,0
364971663,5.15947,0,1,1,0,0
365271681,5.17881,0,1,1,0,0
365571663,5.1498,0,1,1,0,0
365871707,5.12725,0,1,1,0,0
366171663,5.14658,0,1,1,0,0
366471685,5.13691,0,1,1,0,0
366771663,5.14658,0,1,1,0,0
367071663,5.13691,0,1,1,0,0
367371687,5.15947,0,1,1,0,0
367671663,5.15947,0,1,1,0,0
367981663,5.12402,0,1,1,0,0
368281663,5.1208,0,1,1,0,0
368581663,5.14014,0,1,1,0,0
368881663,5.1498,0,1,1,0,0
369181663,5.0209,0,1,1,0,0
369481694,5.05151,0,1,1,0,0
369781672,5.15947,0,1,1,0,0
370081663,5.08535,0,1,1,0,0
370381663,5.11758,0,1,1,0,0
370681663,5.1627,0,1,1,0,0
370991719,5.14336,0,1,1,0,0
371291663,5.15303,0,1,1,0,0
371591663,5.1498,0,1,1,0,0
371891663,5.14336,0,1,1,0,0
372191663,5.15786,0,1,1,0,0
372491663,5.13047,0,1,1,0,0
372791663,5.1498,0,1,1,0,0
373091692,5.1208,0,1,1,0,0
373391663,5.14658,0,1,1,0,0
373691663,5.17559,0,1,1,0,0
374001663,5.1498,0,1,1,0,0
374301663,5.06602,0,1,1,0,0
374601663,5.12725,0,1,1,0,0
374901702,5.14497,0,1,1,0,0
375201663,5.15947,0,1,1,0,0
375501663,5.1498,0,1,1,0,0
375801663,5.12725,0,1,1,0,0
376101677,5.08213,0,1,1,0,0
376401663,5.13208,0,1,1,0,0
376701712,5.13691,0,1,1,0,0
377011663,5.13691,0,1,1,0,0
377311663,5.13369,0,1,1,0,0
377611663,5.14658,0,1,1,0,0
377911663,5.17881,0,1,1,0,0
378211663,5.1627,0,1,1,0,0
378511663,5.12725,0,1,1,0,0
378811677,5.1498,0,1,1,0,0
379121677,5.03379,0,1,1,0,0
379421667,5.17236,0,1,1,0,0
379721663,5.07246,0,1,1,0,0
380021663,5.15303,0,1,1,0,0
380321663,5.1498,0,1,1,0,0
380621663,5.06602,0,1,1,0,0
380921663,5.13047,0,1,1,0,0
381221663,5.1498,0,1,1,0,0
381521663,5.13691,0,1,1,0,0
381821663,5.17236,0,1,1,0,0
382131664,5.17559,0,1,1,0,0
382431680,5.1627,0,1,1,0,0
382731663,5.1498,0,1,1,0,0
383031663,5.14336,0,1,1,0,0
383331663,5.13208,0,1,1,0,0
383631663,5.15947,0,1,1,0,0
383931702,5.1498,0,1,1,0,0
384231663,5.16431,0,1,1,0,0
384531687,5.13853,0,1,1,0,0
384831663,5.15303,0,1,1,0,0
385141679,5.15625,0,1,1,0,0
385441663,5.16914,0,1,1,0,0
385741671,5.15947,0,1,1,0,0
386041663,5.11113,0,1,1,0,0
386341663,5.12563,0,1,1,0,0
386641663,5.18203,0,1,1,0,0
386941663,5.11758,0,1,1,0,0
387241663,5.12725,0,1,1,0,0
387541663,5.14336,0,1,1,0,0
387841663,5.12725,0,1,1,0,0
388151719,5.13691,0,1,1,0,0
388451663,5.12402,0,1,1,0,0
388751663,5.15464,0,1,1,0,0
389051663,5.1498,0,1,1,0,0
389351663,5.14658,0,1,1,0,0
389651703,5.12402,0,1,1,0,0
389951663,5.1627,0,1,1,0,0
390251688,5.15947,0,1,1,0,0
390551663,5.11113,0,1,1,0,0
390851663,5.15464,0,1,1,0,0
391161663,5.17075,0,1,1,0,0
391461663,5.07891,0,1,1,0,0
391761663,5.1627,0,1,1,0,0
392061663,5.11113,0,1,1,0,0
392361663,5.12725,0,1,1,0,0
392661663,5.15625,0,1,1,0,0
392961702,5.14658,0,1,1,0,0
393261663,5.15947,0,1,1,0,0
393561668,5.14336,0,1,1,0,0
393871671,5.16914,0,1,1,0,0
394171663,5.1627,0,1,1,0,0
394471663,5.14497,0,1,1,0,0
394771663,5.13208,0,1,1,0,0
395071663,5.16914,0,1,1,0,0
395371663,5.16914,0,1,1,0,0
395671663,5.16914,0,1,1,0,0
395971677,5.14014,0,1,1,0,0
396271663,5.1772,0,1,1,0,0
396571663,5.12725,0,1,1,0,0
396881663,5.17559,0,1,1,0,0
397181663,5.0918,0,1,1,0,0
397481663,5.06602,0,1,1,0,0
397781663,5.15625,0,1,1,0,0
398081663,5.15625,0,1,1,0,0
398381663,5.1498,0,1,1,0,0
398681663,5.03379,0,1,1,0,0
398991663,5.15303,0,1,1,0,0
399291667,5.13047,0,1,1,0,0
399591687,5.16914,0,1,1,0,0
399891695,5.13691,0,1,1,0,0
400191669,5.14819,0,1,1,0,0
400491663,5.1498,0,1,1,0,0
400791663,5.14658,0,1,1,0,0
401091663,5.1498,0,1,1,0,0
401391663,5.18203,0,1,1,0,0
401691687,5.15947,0,1,1,0,0
402001663,5.11274,0,1,1,0,0
402301663,5.14658,0,1,1,0,0
402601663,5.14336,0,1,1,0,0
402901663,5.0499,0,1,1,0,0
403201663,5.15947,0,1,1,0,0
403501663,5.12402,0,1,1,0,0
403801663,5.09502,0,1,1,0,0
404101663,5.0209,0,1,1,0,0
404411669,5.13691,0,1,1,0,0
404711663,5.12886,0,1,1,0,0
405011663,5.12563,0,1,1,0,0
405311705,5.1498,0,1,1,0,0
405611663,5.1627,0,1,1,0,0
405911663,5.16914,0,1,1,0,0
406211663,5.14336,0,1,1,0,0
406511663,5.13369,0,1,1,0,0
406811667,5.1627,0,1,1,0,0
407121699,4.98867,0,1,1,0,0
407421697,5.09824,0,1,1,0,0
407721663,4.98223,0,1,1,0,0
408021663,4.93711,0,1,1,0,0
408321663,4.90488,0,1,1,0,0
408621663,5.00801,0,1,1,0,0
408931663,5.13691,0,1,1,0,0
409231663,5.1627,0,1,1,0,0
409531681,5.15625,0,1,1,0,0
409831663,5.14497,0,1,1,0,0
410141663,5.06602,0,1,1,0,0
410441663,5.15142,0,1,1,0,0
410741663,5.06602,0,1,1,0,0
411041680,5.10469,0,1,1,0,0
411341663,5.08213,0,1,1,0,0
411641663,4.97578,0,1,1,0,0
411941663,5.00801,0,1,1,0,0
412241663,4.99512,0,1,1,0,0
412541669,4.98223,0,1,1,0,0
412851663,5.11758,0,1,1,0,0
413151700,5.16592,0,1,1,0,0
413451710,5.15303,0,1,1,0,0
413751692,5.13047,0,1,1,0,0
414051663,5.12402,0,1,1,0,0
414351663,5.14336,0,1,1,0,0
414651707,5.12402,0,1,1,0,0
414961663,5.02412,0,1,1,0,0
415261693,5.03379,0,1,1,0,0
415561663,5.0499,0,1,1,0,0
415861663,5.08535,0,1,1,0,0
416161663,4.96611,0,1,1,0,0
416461663,5.08535,0,1,1,0,0
416761694,5.08857,0,1,1,0,0
417061663,5.05957,0,1,1,0,0
417361664,4.99834,0,1,1,0,0
417661663,5.06602,0,1,1,0,0
417971700,5.13047,0,1,1,0,0
418271672,5.15303,0,1,1,0,0
418571663,5.12725,0,1,1,0,0
418871707,5.16914,0,1,1,0,0
419171663,5.12402,0,1,1,0,0
419471663,5.16753,0,1,1,0,0
419771693,5.11274,0,1,1,0,0
420071663,5.14658,0,1,1,0,0
420371665,5.12725,0,1,1,0,0
420671663,5.17559,0,1,1,0,0
420981663,4.98223,0,1,1,0,0
421281663,5.03379,0,1,1,0,0
421581666,4.95967,0,1,1,0,0
421881663,5.01445,0,1,1,0,0
422181705,5.15947,0,1,1,0,0
422481680,4.99512,0,1,1,0,0
422781710,4.94355,0,1,1,0,0
423081663,5.06602,0,1,1,0,0
423381662,5.0499,0,1,1,0,0
423691663,5.1498,0,1,1,0,0
423991663,5.13853,0,1,1,0,0
424291663,5.17881,0,1,1,0,0
424591707,5.12563,0,1,1,0,0
424891680,5.15303,0,1,1,0,0
425191663,5.16914,0,1,1,0,0
425491663,5.09824,0,1,1,0,0
425791664,5.18525,0,1,1,0,0
426091663,5.14336,0,1,1,0,0
426391663,5.12402,0,1,1,0,0
426701672,5.02734,0,1,1,0,0
427001663,5.04023,0,1,1,0,0
427301663,5.12402,0,1,1,0,0
427601663,5.12402,0,1,1,0,0
427901679,5.11113,0,1,1,0,0
428201694,5.08535,0,1,1,0,0
428501663,5.1498,0,1,1,0,0
428801665,5.08535,0,1,1,0,0
429101663,5.07891,0,1,1,0,0
429401663,5.06924,0,1,1,0,0
429701663,5.09341,0,1,1,0,0
430011663,5.15142,0,1,1,0,0
430311697,5.15464,0,1,1,0,0
430611663,5.13691,0,1,1,0,0
430911663,5.13691,0,1,1,0,0
431211663,5.18848,0,1,1,0,0
431511663,5.13047,0,1,1,0,0
431811702,5.13691,0,1,1,0,0
432111669,5.15947,0,1,1,0,0
432411663,5.1498,0,1,1,0,0
432711663,5.13691,0,1,1,0,0
433021694,5.07568,0,1,1,0,0
433321663,5.06602,0,1,1,0,0
433621663,5.09824,0,1,1,0,0
433921691,5.11758,0,1,1,0,0
434221663,5.0209,0,1,1,0,0
434521663,5.17559,0,1,1,0,0
434821663,5.16914,0,1,1,0,0
435121663,5.1208,0,1,1,0,0
435421663,5.00156,0,1,1,0,0
435731663,5.1498,0,1,1,0,0
436031691,5.11113,0,1,1,0,0
436331662,5.13691,0,1,1,0,0
436631663,5.13047,0,1,1,0,0
436941663,4.95,0,1,1,0,0
437241663,4.92744,0,1,1,0,0
437541663,5.11113,0,1,1,0,0
437841669,5.04023,0,1,1,0,0
438151689,5.17236,0,1,1,0,0
438451663,5.11758,0,1,1,0,0
438751663,5.13691,0,1,1,0,0
439051663,5.16914,0,1,1,0,0
439361663,4.95,0,1,1,0,0
439661671,5.04346,0,1,1,0,0
439961663,4.98867,0,1,1,0,0
440261663,5.10146,0,1,1,0,0
440561663,4.98867,0,1,1,0,0
440861663,4.96934,0,1,1,0,0
442071664,5.13853,0,1,1,0,0
442371663,5.16914,0,1,1,0,0
442671663,5.14336,0,1,1,0,0
442971663,5.13047,0,1,1,0,0
443271663,5.12725,0,1,1,0,0
443571706,5.12725,0,1,1,0,0
443871682,5.14336,0,1,1,0,0
444171662,5.12886,0,1,1,0,0
444471663,5.1498,0,1,1,0,0
444781663,5.00156,0,1,1,0,0
445081663,5.00317,0,1,1,0,0
445381663,5.11113,0,1,1,0,0
445681663,5.03379,0,1,1,0,0
445981664,4.98223,0,1,1,0,0
446281662,5.04668,0,1,1,0,0
446591663,5.15625,0,1,1,0,0
446891663,5.16431,0,1,1,0,0
447191663,5.15625,0,1,1,0,0
447491665,5.1627,0,1,1,0,0
447791663,5.14336,0,1,1,0,0
448091663,5.12402,0,1,1,0,0
448391663,5.13369,0,1,1,0,0
448701687,5.1498,0,1,1,0,0
449001664,5.05957,0,1,1,0,0
449301663,5.15625,0,1,1,0,0
449601702,5.08535,0,1,1,0,0
449901663,5.1627,0,1,1,0,0
450201663,5.03057,0,1,1,0,0
450511662,5.1208,0,1,1,0,0
450811663,5.16592,0,1,1,0,0
451111663,5.13047,0,1,1,0,0
451411663,5.16914,0,1,1,0,0
451711663,5.10791,0,1,1,0,0
452011663,5.11758,0,1,1,0,0
452311663,5.13691,0,1,1,0,0
452621664,5.03379,0,1,1,0,0
452921663,5.09824,0,1,1,0,0
453221686,5.08535,0,1,1,0,0
453521663,4.96934,0,1,1,0,0
453821663,4.96934,0,1,1,0,0
454121676,5.05474,0,1,1,0,0
454421663,5.03701,0,1,1,0,0
454721667,5.10469,0,1,1,0,0
455021663,5.18203,0,1,1,0,0
455331679,5.18203,0,1,1,0,0
455631663,5.15142,0,1,1,0,0
455931663,5.13691,0,1,1,0,0
456231663,5.16914,0,1,1,0,0
456531663,5.16914,0,1,1,0,0
456831663,5.1498,0,1,1,0,0
457131663,5.15625,0,1,1,0,0
457441670,5.04023,0,1,1,0,0
457741663,4.97578,0,1,1,0,0
458041663,5.15303,0,1,1,0,0
458341663,5.05151,0,1,1,0,0
458641663,5.08696,0,1,1,0,0
458941685,5.15303,0,1,1,0,0
459251663,5.17236,0,1,1,0,0
459551675,5.12886,0,1,1,0,0
459851663,5.14336,0,1,1,0,0
460151663,5.14336,0,1,1,0,0
460451663,5.16592,0,1,1,0,0
460751663,5.15625,0,1,1,0,0
461061712,5.02412,0,1,1,0,0
461361675,4.96289,0,1,1,0,0
461661663,4.96289,0,1,1,0,0
461961663,5.04668,0,1,1,0,0
462271663,5.17559,0,1,1,0,0
462571663,5.15786,0,1,1,0,0
462871663,5.16914,0,1,1,0,0
463171683,5.16431,0,1,1,0,0
463471663,5.14336,0,1,1,0,0
463781663,5.08535,0,1,1,0,0
464081663,5.09824,0,1,1,0,0
464381663,5.0499,0,1,1,0,0
464691663,5.15625,0,1,1,0,0
464991706,5.18525,0,1,1,0,0
465291663,5.1498,0,1,1,0,0
465591663,5.14336,0,1,1,0,0
465891663,5.14658,0,1,1,0,0
466191663,5.15947,0,1,1,0,0
466491663,5.11113,0,1,1,0,0
466791691,5.16914,0,1,1,0,0
467101663,5.08535,0,1,1,0,0
467401663,5.04829,0,1,1,0,0
467701663,5.06602,0,1,1,0,0
468001663,5.04023,0,1,1,0,0
468301663,5.04185,0,1,1,0,0
468601663,5.05957,0,1,1,0,0
468911701,5.13691,0,1,1,0,0
469211663,5.15625,0,1,1,0,0
469511681,5.17075,0,1,1,0,0
469811663,5.15947,0,1,1,0,0
470111663,5.14336,0,1,1,0,0
470421663,5.16914,0,1,1,0,0
470721663,5.01445,0,1,1,0,0
471021663,5.03057,0,1,1,0,0
471321663,5.15625,0,1,1,0,0
471621663,5.13691,0,1,1,0,0
471921703,5.13691,0,1,1,0,0
472221663,5.14336,0,1,1,0,0
472521676,5.02734,0,1,1,0,0
472831663,5.16914,0,1,1,0,0
473131663,5.12402,0,1,1,0,0
473431663,5.15464,0,1,1,0,0
473731664,5.18848,0,1,1,0,0
474041665,5.01445,0,1,1,0,0
474341675,5.10469,0,1,1,0,0
474641696,5.07568,0,1,1,0,0
474941663,5.0499,0,1,1,0,0
475241677,5.14658,0,1,1,0,0
475541663,5.11758,0,1,1,0,0
475851663,5.13691,0,1,1,0,0
476151663,5.14175,0,1,1,0,0
476451663,5.14014,0,1,1,0,0
476751697,5.16914,0,1,1,0,0
477051663,5.12725,0,1,1,0,0
477351663,5.1627,0,1,1,0,0
477651663,5.14336,0,1,1,0,0
477961663,5.02734,0,1,1,0,0
478261663,5.02412,0,1,1,0,0
478561663,5.12402,0,1,1,0,0
478861663,5.11274,0,1,1,0,0
479161663,5.07246,0,1,1,0,0
479461663,5.0918,0,1,1,0,0
479761663,5.0918,0,1,1,0,0
480061683,4.95,0,1,1,0,0
480361697,5.09824,0,1,1,0,0
480671663,5.15303,0,1,1,0,0
480971688,5.13853,0,1,1,0,0
481271662,5.17559,0,1,1,0,0
481571663,5.15464,0,1,1,0,0
481871663,5.1627,0,1,1,0,0
482171663,5.14014,0,1,1,0,0
482471680,5.16914,0,1,1,0,0
482781663,5.05957,0,1,1,0,0
483081663,5.07891,0,1,1,0,0
483381663,5.06602,0,1,1,0,0
483681702,4.98384,0,1,1,0,0
483981664,5.04023,0,1,1,0,0
484281663,5.13853,0,1,1,0,0
484581663,4.98223,0,1,1,0,0
484891663,5.13208,0,1,1,0,0
485191663,5.1627,0,1,1,0,0
485491663,5.14014,0,1,1,0,0
485791663,5.1498,0,1,1,0,0
486091708,5.12725,0,1,1,0,0
486391663,5.1498,0,1,1,0,0
486701694,5.02412,0,1,1,0,0
487001663,4.94355,0,1,1,0,0
487301663,4.96289,0,1,1,0,0
487601663,5.08535,0,1,1,0,0
487901680,4.97578,0,1,1,0,0
488201682,5.11113,0,1,1,0,0
488501663,5.03379,0,1,1,0,0
488801664,5.08535,0,1,1,0,0
489101663,5.07568,0,1,1,0,0
489401663,5.1208,0,1,1,0,0
489711663,5.14336,0,1,1,0,0
490011663,5.1498,0,1,1,0,0
490311663,5.17236,0,1,1,0,0
490611672,5.17236,0,1,1,0,0
490911663,5.13369,0,1,1,0,0
491211663,5.11758,0,1,1,0,0
491511663,5.16108,0,1,1,0,0
491811707,5.17236,0,1,1,0,0
492111663,5.17559,0,1,1,0,0
492411663,5.16914,0,1,1,0,0
492721663,5.07407,0,1,1,0,0
493021663,5.04023,0,1,1,0,0
493321677,5.06924,0,1,1,0,0
493621664,5.12402,0,1,1,0,0
493921686,5.09502,0,1,1,0,0
494221663,5.01445,0,1,1,0,0
494521663,5.0499,0,1,1,0,0
494821663,5.0918,0,1,1,0,0
495121663,5.04023,0,1,1,0,0
495421663,5.01768,0,1,1,0,0
495731663,5.15464,0,1,1,0,0
496031663,5.1498,0,1,1,0,0
496331663,5.12402,0,1,1,0,0
496631665,5.1498,0,1,1,0,0
496931663,5.15303,0,1,1,0,0
497231663,5.18364,0,1,1,0,0
497531707,5.1208,0,1,1,0,0
497831663,5.17881,0,1,1,0,0
498131663,5.14336,0,1,1,0,0
498431663,5.15303,0,1,1,0,0
498731664,5.12725,0,1,1,0,0
499041663,5.10146,0,1,1,0,0
499341663,5.00479,0,1,1,0,0
499641665,4.99995,0,1,1,0,0
499941669,5.0499,0,1,1,0,0
500241663,5.05312,0,1,1,0,0
500541663,5.11113,0,1,1,0,0
500841672,5.10146,0,1,1,0,0
501141663,5.10146,0,1,1,0,0
501441663,5.09502,0,1,1,0,0
501751663,5.14336,0,1,1,0,0
502051663,5.15625,0,1,1,0,0
502351663,5.11758,0,1,1,0,0
502651663,5.18203,0,1,1,0,0
502951663,5.1498,0,1,1,0,0
503251667,5.16914,0,1,1,0,0
503551664,5.13047,0,1,1,0,0
503851663,5.13853,0,1,1,0,0
504161663,5.1498,0,1,1,0,0
504461664,5.1627,0,1,1,0,0
504761663,5.11758,0,1,1,0,0
505061663,5.13047,0,1,1,0,0
505361673,5.15464,0,1,1,0,0
505661669,5.13047,0,1,1,0,0
505961663,5.1627,0,1,1,0,0
506261663,5.11758,0,1,1,0,0
506561663,5.11758,0,1,1,0,0
506871664,5.1917,0,1,1,0,0
507171663,5.16914,0,1,1,0,0
507471663,5.12402,0,1,1,0,0
507771704,5.1772,0,1,1,0,0
508071663,5.1498,0,1,1,0,0
508371663,5.1498,0,1,1,0,0
508671670,5.18203,0,1,1,0,0
508981714,5.10791,0,1,1,0,0
509281663,5.13691,0,1,1,0,0
509581663,5.1498,0,1,1,0,0
509881665,5.14497,0,1,1,0,0
510181663,5.12402,0,1,1,0,0
510481663,5.16592,0,1,1,0,0
510781663,5.1627,0,1,1,0,0
511081682,5.11113,0,1,1,0,0
511381663,5.13047,0,1,1,0,0
511691663,5.15947,0,1,1,0,0
511991663,5.17559,0,1,1,0,0
512291662,5.16914,0,1,1,0,0
512591663,5.14497,0,1,1,0,0
512891701,5.17236,0,1,1,0,0
513191663,5.17559,0,1,1,0,0
513491663,5.1498,0,1,1,0,0
513791663,5.12725,0,1,1,0,0
514091663,5.16914,0,1,1,0,0
514391663,5.1627,0,1,1,0,0
514701679,5.1627,0,1,1,0,0
515001663,5.13047,0,1,1,0,0
515301663,5.08535,0,1,1,0,0
515601703,5.13853,0,1,1,0,0
515901663,5.16914,0,1,1,0,0
516201663,5.14336,0,1,1,0,0
516501663,5.14336,0,1,1,0,0
516811682,5.17881,0,1,1,0,0
517111663,5.15303,0,1,1,0,0
517411663,5.15464,0,1,1,0,0
517711682,5.14658,0,1,1,0,0
518011662,5.1627,0,1,1,0,0
518311663,5.15625,0,1,1,0,0
518611663,5.1627,0,1,1,0,0
518911690,5.12402,0,1,1,0,0
519211663,5.18848,0,1,1,0,0
519511663,5.16914,0,1,1,0,0
519821663,5.12725,0,1,1,0,0
520121663,5.16431,0,1,1,0,0
520421675,5.13691,0,1,1,0,0
520721662,5.17559,0,1,1,0,0
521021663,5.15464,0,1,1,0,0
521321663,5.16592,0,1,1,0,0
521621671,5.17559,0,1,1,0,0
521921663,5.16914,0,1,1,0,0
522231663,5.16914,0,1,1,0,0
522531675,5.18203,0,1,1,0,0
522831663,5.15303,0,1,1,0,0
523131669,5.1498,0,1,1,0,0
523431663,5.1627,0,1,1,0,0
523731663,5.13691,0,1,1,0,0
524031663,5.12402,0,1,1,0,0
524331663,5.15303,0,1,1,0,0
524631673,5.13691,0,1,1,0,0
524931663,5.13691,0,1,1,0,0
525231663,5.13369,0,1,1,0,0
525531662,5.15303,0,1,1,0,0
525841662,5.1627,0,1,1,0,0
526141665,5.15303,0,1,1,0,0
526441663,5.15142,0,1,1,0,0
526741663,5.12725,0,1,1,0,0
527041707,5.13691,0,1,1,0,0
527341663,5.13691,0,1,1,0,0
528551663,5.14497,0,1,1,0,0
528851664,5.1627,0,1,1,0,0
529151663,5.11758,0,1,1,0,0
529451663,5.14014,0,1,1,0,0
529751663,5.13047,0,1,1,0,0
530051664,5.15303,0,1,1,0,0
530351663,5.1208,0,1,1,0,0
530661663,5.1498,0,1,1,0,0
530961663,5.15464,0,1,1,0,0
531261663,5.16431,0,1,1,0,0
531561705,5.15303,0,1,1,0,0
531861666,5.12402,0,1,1,0,0
532161663,5.1627,0,1,1,0,0
532461663,5.15303,0,1,1,0,0
532761663,5.1208,0,1,1,0,0
533061663,5.12241,0,1,1,0,0
533361663,5.15786,0,1,1,0,0
533671663,5.17236,0,1,1,0,0
533971692,5.11113,0,1,1,0,0
534271662,5.14014,0,1,1,0,0
534571663,5.14336,0,1,1,0,0
534871663,5.1627,0,1,1,0,0
535171663,5.15625,0,1,1,0,0
535471663,5.13047,0,1,1,0,0
535781690,5.1208,0,1,1,0,0
536081663,5.11758,0,1,1,0,0
536381663,5.1498,0,1,1,0,0
536681663,5.15625,0,1,1,0,0
536981663,5.15625,0,1,1,0,0
537281663,5.15947,0,1,1,0,0
537581675,5.17236,0,1,1,0,0
537881663,5.1208,0,1,1,0,0
538181663,5.14336,0,1,1,0,0
538481663,5.14014,0,1,1,0,0
538791663,5.1498,0,1,1,0,0
539091663,5.13047,0,1,1,0,0
539391663,5.15303,0,1,1,0,0
539691682,5.13853,0,1,1,0,0
539991663,5.11758,0,1,1,0,0
540291663,5.18203,0,1,1,0,0
540591692,5.15625,0,1,1,0,0
540891663,5.11919,0,1,1,0,0
541191662,5.1627,0,1,1,0,0
541491662,5.14336,0,1,1,0,0
541801701,5.14336,0,1,1,0,0
542101663,5.11919,0,1,1,0,0
542401663,5.13047,0,1,1,0,0
542701664,5.17559,0,1,1,0,0
543001670,5.13047,0,1,1,0,0
543301666,5.1498,0,1,1,0,0
543601663,5.13691,0,1,1,0,0
543901685,5.14336,0,1,1,0,0
544201663,5.14497,0,1,1,0,0
544511663,5.14497,0,1,1,0,0
544811663,5.13047,0,1,1,0,0
545111662,5.14336,0,1,1,0,0
545411692,5.15142,0,1,1,0,0
545711663,5.13853,0,1,1,0,0
546011663,5.14336,0,1,1,0,0
546311663,5.15464,0,1,1,0,0
546611663,5.16914,0,1,1,0,0
546911663,5.12886,0,1,1,0,0
547211663,5.14658,0,1,1,0,0
547521671,5.16914,0,1,1,0,0
547821663,5.15947,0,1,1,0,0
548121663,5.14336,0,1,1,0,0
548421663,5.1498,0,1,1,0,0
548721663,5.12725,0,1,1,0,0
549021666,5.14336,0,1,1,0,0
549321663,5.1498,0,1,1,0,0
549621667,5.11758,0,1,1,0,0
549921662,5.1208,0,1,1,0,0
550221663,5.16914,0,1,1,0,0
550521663,5.1498,0,1,1,0,0
550831663,5.15142,0,1,1,0,0
551131693,5.1627,0,1,1,0,0
551431663,5.1627,0,1,1,0,0
551731687,5.18848,0,1,1,0,0
552031663,5.15625,0,1,1,0,0
552331663,5.1208,0,1,1,0,0
552631668,5.15303,0,1,1,0,0
552931663,5.15947,0,1,1,0,0
553231679,5.13369,0,1,1,0,0
553541663,5.16592,0,1,1,0,0
553841663,5.13691,0,1,1,0,0
554141663,5.15625,0,1,1,0,0
554441663,5.13369,0,1,1,0,0
554741680,5.15303,0,1,1,0,0
555041666,5.1498,0,1,1,0,0
555341663,5.15303,0,1,1,0,0
555651663,5.16914,0,1,1,0,0
555951663,5.11758,0,1,1,0,0
556251663,5.13853,0,1,1,0,0
556551706,5.1627,0,1,1,0,0
556851684,5.14336,0,1,1,0,0
557151663,5.15303,0,1,1,0,0
557451663,5.16914,0,1,1,0,0
557751693,5.15464,0,1,1,0,0
558051663,5.17559,0,1,1,0,0
558351675,5.15303,0,1,1,0,0
558661662,5.13691,0,1,1,0,0
558961663,5.1498,0,1,1,0,0
559261663,5.15947,0,1,1,0,0
559561676,5.14336,0,1,1,0,0
559861663,5.16914,0,1,1,0,0
560161663,5.15303,0,1,1,0,0
560461665,5.14658,0,1,1,0,0
560771663,5.14336,0,1,1,0,0
561071663,5.1627,0,1,1,0,0
561371663,5.13691,0,1,1,0,0
561671663,5.17075,0,1,1,0,0
561971663,5.14497,0,1,1,0,0
562271663,5.18364,0,1,1,0,0
562581692,5.15947,0,1,1,0,0
562881663,5.18042,0,1,1,0,0
563181663,5.16914,0,1,1,0,0
563481702,5.13691,0,1,1,0,0
563781663,5.1498,0,1,1,0,0
564081663,5.18848,0,1,1,0,0
564381663,5.1498,0,1,1,0,0
564681663,5.18203,0,1,1,0,0
564981663,5.14658,0,1,1,0,0
565281663,5.1498,0,1,1,0,0
565591663,5.15947,0,1,1,0,0
565891663,5.16753,0,1,1,0,0
566191689,5.1498,0,1,1,0,0
566491663,5.14336,0,1,1,0,0
566791663,5.15947,0,1,1,0,0
567091663,5.15786,0,1,1,0,0
567391671,5.18203,0,1,1,0,0
567691663,5.16592,0,1,1,0,0
567991663,5.13369,0,1,1,0,0
568291700,5.17559,0,1,1,0,0
568601663,5.1498,0,1,1,0,0
568901663,5.12402,0,1,1,0,0
569201663,5.17559,0,1,1,0,0
569501667,5.17397,0,1,1,0,0
569801666,5.16914,0,1,1,0,0
570101663,5.13691,0,1,1,0,0
570401663,5.16431,0,1,1,0,0
570701663,5.1498,0,1,1,0,0
571001669,5.17236,0,1,1,0,0
571301662,5.1208,0,1,1,0,0
571611663,5.13047,0,1,1,0,0
571911676,5.1498,0,1,1,0,0
572211663,5.17236,0,1,1,0,0
572511702,5.1498,0,1,1,0,0
572811663,5.13369,0,1,1,0,0
573111663,5.15303,0,1,1,0,0
573411663,5.14336,0,1,1,0,0
573711663,5.1498,0,1,1,0,0
574011682,5.13691,0,1,1,0,0
574311663,5.14336,0,1,1,0,0
574621701,5.1627,0,1,1,0,0
574921663,5.14336,0,1,1,0,0
575221663,5.11113,0,1,1,0,0
575521663,5.16914,0,1,1,0,0
575821664,5.1498,0,1,1,0,0
576121683,5.1498,0,1,1,0,0
576421663,5.16914,0,1,1,0,0
576721663,5.1498,0,1,1,0,0
577021662,5.15303,0,1,1,0,0
577321663,5.14336,0,1,1,0,0
577631711,5.14658,0,1,1,0,0
577931663,5.15303,0,1,1,0,0
578231663,5.1498,0,1,1,0,0
578531678,5.1498,0,1,1,0,0
578831663,5.1498,0,1,1,0,0
579131667,5.1627,0,1,1,0,0
579431663,5.15303,0,1,1,0,0
579731692,5.17881,0,1,1,0,0
580031663,5.14336,0,1,1,0,0
580331663,5.14336,0,1,1,0,0
580641697,5.17881,0,1,1,0,0
580941663,5.16914,0,1,1,0,0
581241663,5.1627,0,1,1,0,0
581541706,5.16592,0,1,1,0,0
581841663,5.14658,0,1,1,0,0
582141663,5.16431,0,1,1,0,0
582441663,5.1627,0,1,1,0,0
582741663,5.14014,0,1,1,0,0
583041663,5.12725,0,1,1,0,0
583341675,5.15625,0,1,1,0,0
583651683,5.11758,0,1,1,0,0
583951663,5.1498,0,1,1,0,0
584251663,5.15947,0,1,1,0,0
584551663,5.17559,0,1,1,0,0
584851663,5.15947,0,1,1,0,0
585151663,5.14014,0,1,1,0,0
585451682,5.16914,0,1,1,0,0
585751663,5.14336,0,1,1,0,0
586051663,5.16914,0,1,1,0,0
586351663,5.16914,0,1,1,0,0
586661663,5.17559,0,1,1,0,0
586961663,5.17559,0,1,1,0,0
587261663,5.14014,0,1,1,0,0
587561663,5.13047,0,1,1,0,0
587861663,5.18525,0,1,1,0,0
588161664,5.1627,0,1,1,0,0
588461663,5.15947,0,1,1,0,0
588761663,5.13691,0,1,1,0,0
589061665,5.17559,0,1,1,0,0
589361663,5.18203,0,1,1,0,0
589671683,5.14658,0,1,1,0,0
589971662,5.11758,0,1,1,0,0
590271663,5.13691,0,1,1,0,0
590571707,5.16914,0,1,1,0,0
590871663,5.1498,0,1,1,0,0
591171692,5.13691,0,1,1,0,0
591471663,5.1498,0,1,1,0,0
591771663,5.12725,0,1,1,0,0
592071663,5.18042,0,1,1,0,0
592371663,5.14658,0,1,1,0,0
592681663,5.13691,0,1,1,0,0
592981673,5.17236,0,1,1,0,0
593281663,5.14658,0,1,1,0,0
593581663,5.16431,0,1,1,0,0
593881662,5.12725,0,1,1,0,0
594181663,5.16914,0,1,1,0,0
594481662,5.14014,0,1,1,0,0
594781676,5.16914,0,1,1,0,0
595081663,5.18203,0,1,1,0,0
595381663,5.15464,0,1,1,0,0
595691663,5.15142,0,1,1,0,0
595991663,5.18203,0,1,1,0,0
596291662,5.12563,0,1,1,0,0
596591663,5.17559,0,1,1,0,0
596891681,5.14336,0,1,1,0,0
597191663,5.13047,0,1,1,0,0
597491663,5.12402,0,1,1,0,0
597801663,5.13691,0,1,1,0,0
598101663,5.15625,0,1,1,0,0
598401663,5.14336,0,1,1,0,0
598701663,5.1498,0,1,1,0,0
599001663,5.16914,0,1,1,0,0
599301667,5.16431,0,1,1,0,0
599601678,5.13691,0,1,1,0,0
599901663,5.11113,0,1,1,0,0
600201673,5.17559,0,1,1,0,0
600501665,5.1498,0,1,1,0,0
600811663,5.1627,0,1,1,0,0
601111671,5.1772,0,1,1,0,0
601411663,5.15464,0,1,1,0,0
601711663,5.1627,0,1,1,0,0
602011663,5.18203,0,1,1,0,0
602311662,5.1498,0,1,1,0,0
602611692,5.13853,0,1,1,0,0
602911663,5.16914,0,1,1,0,0
603211663,5.12725,0,1,1,0,0
603511663,5.14175,0,1,1,0,0
603821690,5.1627,0,1,1,0,0
604121663,5.15625,0,1,1,0,0
604421674,5.18848,0,1,1,0,0
604721663,5.13691,0,1,1,0,0
605021663,5.12402,0,1,1,0,0
605321663,5.14497,0,1,1,0,0
605631663,5.15625,0,1,1,0,0
605931663,5.15947,0,1,1,0,0
606231675,5.13047,0,1,1,0,0
606531692,5.12402,0,1,1,0,0
606831663,5.13047,0,1,1,0,0
607131663,5.16914,0,1,1,0,0
607431663,5.14336,0,1,1,0,0
607731663,5.17559,0,1,1,0,0
608031663,5.1627,0,1,1,0,0
608331682,5.13047,0,1,1,0,0
609541669,5.16592,0,1,1,0,0
609841663,5.17236,0,1,1,0,0
610141663,5.11758,0,1,1,0,0
610441669,5.16914,0,1,1,0,0
610741663,5.16914,0,1,1,0,0
611041663,5.11758,0,1,1,0,0
611351663,5.14336,0,1,1,0,0
611651662,5.1498,0,1,1,0,0
611951689,5.14658,0,1,1,0,0
612251702,5.13369,0,1,1,0,0
612551667,5.1498,0,1,1,0,0
612851663,5.13047,0,1,1,0,0
613151663,5.17559,0,1,1,0,0
613451663,5.14014,0,1,1,0,0
613751663,5.14014,0,1,1,0,0
614051692,5.13369,0,1,1,0,0
614351671,5.1627,0,1,1,0,0
614661663,5.13047,0,1,1,0,0
614961673,5.17559,0,1,1,0,0
615261663,5.14497,0,1,1,0,0
615561683,5.15625,0,1,1,0,0
615861662,5.17397,0,1,1,0,0
616161663,5.1208,0,1,1,0,0
616461663,5.10308,0,1,1,0,0
616761671,5.1627,0,1,1,0,0
617061663,5.1498,0,1,1,0,0
617361663,5.16914,0,1,1,0,0
617671675,5.17236,0,1,1,0,0
617971663,5.14497,0,1,1,0,0
618271667,5.18848,0,1,1,0,0
618571663,5.15947,0,1,1,0,0
618871663,5.14014,0,1,1,0,0
619171663,5.17236,0,1,1,0,0
619471663,5.1498,0,1,1,0,0
619771699,5.15142,0,1,1,0,0
620071663,5.15303,0,1,1,0,0
620371663,5.17236,0,1,1,0,0
620681663,5.15464,0,1,1,0,0
620981663,5.1498,0,1,1,0,0
621281663,5.15947,0,1,1,0,0
621581668,5.1498,0,1,1,0,0
621881682,5.17881,0,1,1,0,0
622181663,5.15303,0,1,1,0,0
622481663,5.1627,0,1,1,0,0
622781663,5.1498,0,1,1,0,0
623081663,5.16914,0,1,1,0,0
623381665,5.14336,0,1,1,0,0
623691663,5.14336,0,1,1,0,0
623991663,5.14336,0,1,1,0,0
624291663,5.16431,0,1,1,0,0
624591713,5.16914,0,1,1,0,0
624891663,5.14336,0,1,1,0,0
625191663,5.12725,0,1,1,0,0
625491692,5.17236,0,1,1,0,0
625791687,5.14336,0,1,1,0,0
626091663,5.13369,0,1,1,0,0
626391663,5.17881,0,1,1,0,0
626701663,5.13047,0,1,1,0,0
627001663,5.12563,0,1,1,0,0
627301663,5.15625,0,1,1,0,0
627601664,5.15303,0,1,1,0,0
627901663,5.16914,0,1,1,0,0
628201663,5.17075,0,1,1,0,0
628501663,5.1498,0,1,1,0,0
628801663,5.11758,0,1,1,0,0
629101688,5.16914,0,1,1,0,0
629401663,5.14336,0,1,1,0,0
629711684,5.11113,0,1,1,0,0
630011663,5.17881,0,1,1,0,0
630311663,5.11113,0,1,1,0,0
630611664,5.1772,0,1,1,0,0
630911695,4.99189,0,1,1,0,0
631211692,5.14014,0,1,1,0,0
631511663,5.13691,0,1,1,0,0
631811699,5.17559,0,1,1,0,0
632111663,5.18042,0,1,1,0,0
632411663,5.1627,0,1,1,0,0
632721662,5.13691,0,1,1,0,0
633021663,5.15303,0,1,1,0,0
633321663,5.16431,0,1,1,0,0
633621702,5.1498,0,1,1,0,0
633921663,5.11758,0,1,1,0,0
634221663,5.18203,0,1,1,0,0
634521663,5.16592,0,1,1,0,0
634821665,5.14336,0,1,1,0,0
635121663,5.12402,0,1,1,0,0
635421683,5.17236,0,1,1,0,0
635731663,5.16914,0,1,1,0,0
636031663,5.14336,0,1,1,0,0
636331663,5.13691,0,1,1,0,0
636631663,5.13691,0,1,1,0,0
636931682,5.1627,0,1,1,0,0
637231663,5.14336,0,1,1,0,0
637531663,5.15947,0,1,1,0,0
637831663,5.14497,0,1,1,0,0
638131678,5.16914,0,1,1,0,0
638441697,5.13369,0,1,1,0,0
638741663,5.16592,0,1,1,0,0
639041663,5.15303,0,1,1,0,0
639341663,5.15947,0,1,1,0,0
639641664,5.13691,0,1,1,0,0
639941663,5.17559,0,1,1,0,0
640241663,5.16592,0,1,1,0,0
640541666,5.16914,0,1,1,0,0
640841667,5.14336,0,1,1,0,0
641141663,5.1498,0,1,1,0,0
641441663,5.14336,0,1,1,0,0
641751662,5.13691,0,1,1,0,0
642051663,5.11758,0,1,1,0,0
642351663,5.16914,0,1,1,0,0
642651680,5.1627,0,1,1,0,0
642951663,5.1208,0,1,1,0,0
643261663,5.14336,0,1,1,0,0
643561663,5.16431,0,1,1,0,0
643861663,5.16914,0,1,1,0,0
644161663,5.12402,0,1,1,0,0
644461663,5.16914,0,1,1,0,0
644761663,5.15625,0,1,1,0,0
645061663,5.1627,0,1,1,0,0
645361663,5.1208,0,1,1,0,0
645671663,5.17559,0,1,1,0,0
645971663,5.16914,0,1,1,0,0
646271675,5.1498,0,1,1,0,0
646571663,5.1498,0,1,1,0,0
646871698,5.13047,0,1,1,0,0
647171663,5.15625,0,1,1,0,0
647471670,5.17559,0,1,1,0,0
647781663,5.16914,0,1,1,0,0
648081663,5.14336,0,1,1,0,0
648381706,5.11758,0,1,1,0,0
648681687,5.18203,0,1,1,0,0
648981663,5.16914,0,1,1,0,0
649291663,5.12402,0,1,1,0,0
649591663,5.12402,0,1,1,0,0
649891663,5.17559,0,1,1,0,0
650191663,5.16914,0,1,1,0,0
650491667,5.13853,0,1,1,0,0
650791663,5.13047,0,1,1,0,0
651091663,5.15947,0,1,1,0,0
651391663,5.13369,0,1,1,0,0
651701671,5.13208,0,1,1,0,0
652001685,5.15142,0,1,1,0,0
652301663,5.15303,0,1,1,0,0
652601663,5.13691,0,1,1,0,0
652901663,5.16914,0,1,1,0,0
653201663,5.12402,0,1,1,0,0
653501663,5.15303,0,1,1,0,0
653801670,5.17559,0,1,1,0,0
654111712,5.1498,0,1,1,0,0
654411695,5.16914,0,1,1,0,0
654711663,5.14336,0,1,1,0,0
655011663,5.13691,0,1,1,0,0
655311663,5.15625,0,1,1,0,0
655611663,5.17236,0,1,1,0,0
655911662,5.14336,0,1,1,0,0
656211663,5.18203,0,1,1,0,0
656521663,5.15786,0,1,1,0,0
656821663,5.15947,0,1,1,0,0
657121663,5.13691,0,1,1,0,0
657421670,5.13853,0,1,1,0,0
657721699,5.14336,0,1,1,0,0
658021663,5.18525,0,1,1,0,0
658321663,5.14014,0,1,1,0,0
658621663,5.14658,0,1,1,0,0
658931663,5.16592,0,1,1,0,0
659231663,5.1498,0,1,1,0,0
659531662,5.17236,0,1,1,0,0
659831712,5.1498,0,1,1,0,0
660131663,5.11758,0,1,1,0,0
660431663,5.17236,0,1,1,0,0
660731663,5.14014,0,1,1,0,0
661031663,5.15464,0,1,1,0,0
661331663,5.13691,0,1,1,0,0
661641668,5.16914,0,1,1,0,0
661941667,5.1208,0,1,1,0,0
662241663,5.13691,0,1,1,0,0
662541663,5.14014,0,1,1,0,0
662841663,5.16914,0,1,1,0,0
663151663,5.16914,0,1,1,0,0
663451662,5.17236,0,1,1,0,0
663751663,5.13853,0,1,1,0,0
664051663,5.14497,0,1,1,0,0
664351663,5.13369,0,1,1,0,0
664651662,5.1498,0,1,1,0,0
664951663,5.14658,0,1,1,0,0
665251663,5.1498,0,1,1,0,0
665561716,5.14658,0,1,1,0,0
665861663,5.1627,0,1,1,0,0
666161663,5.1627,0,1,1,0,0
666461663,5.14658,0,1,1,0,0
666761663,5.12402,0,1,1,0,0
667061663,5.1498,0,1,1,0,0
667371663,5.15142,0,1,1,0,0
667671693,5.17236,0,1,1,0,0
667971663,5.13047,0,1,1,0,0
668271692,5.1627,0,1,1,0,0
668571663,5.15142,0,1,1,0,0
668871663,5.14336,0,1,1,0,0
669171663,5.13047,0,1,1,0,0
669471663,5.14658,0,1,1,0,0
669771709,5.14658,0,1,1,0,0
670071663,5.15303,0,1,1,0,0
670381663,5.14658,0,1,1,0,0
670681663,5.15625,0,1,1,0,0
670981663,5.16914,0,1,1,0,0
671281712,5.15303,0,1,1,0,0
671581663,5.15303,0,1,1,0,0
671881663,5.14336,0,1,1,0,0
672191663,5.15303,0,1,1,0,0
672491663,5.16914,0,1,1,0,0
672791695,5.14819,0,1,1,0,0
673091663,5.1498,0,1,1,0,0
673391678,5.16914,0,1,1,0,0
673691663,5.18525,0,1,1,0,0
673991663,5.15947,0,1,1,0,0
674291663,5.12402,0,1,1,0,0
674591663,5.14336,0,1,1,0,0
674891663,5.13691,0,1,1,0,0
675191663,5.12402,0,1,1,0,0
675501663,5.13047,0,1,1,0,0
675801663,5.1498,0,1,1,0,0
676101663,5.14658,0,1,1,0,0
676401663,5.17559,0,1,1,0,0
676701663,5.14014,0,1,1,0,0
677001712,5.17075,0,1,1,0,0
677301703,5.16914,0,1,1,0,0
677601663,5.1498,0,1,1,0,0
677901663,5.13208,0,1,1,0,0
678211663,5.16914,0,1,1,0,0
678511663,5.1498,0,1,1,0,0
678811663,5.16914,0,1,1,0,0
679111687,5.16914,0,1,1,0,0
679411663,5.12563,0,1,1,0,0
679711663,5.15625,0,1,1,0,0
680011663,5.15142,0,1,1,0,0
680321663,5.1627,0,1,1,0,0
680621663,5.13691,0,1,1,0,0
680921663,5.16914,0,1,1,0,0
681221663,5.13047,0,1,1,0,0
681521663,5.16431,0,1,1,0,0
681821663,5.15947,0,1,1,0,0
682121663,5.16431,0,1,1,0,0
682421663,5.17559,0,1,1,0,0
683931663,5.14336,0,1,1,0,0
684231707,5.15303,0,1,1,0,0
684531663,5.17881,0,1,1,0,0
684831687,5.14336,0,1,1,0,0
685141663,5.17881,0,1,1,0,0
685441664,5.17559,0,1,1,0,0
685741672,5.1627,0,1,1,0,0
686051663,5.15142,0,1,1,0,0
686351667,5.13047,0,1,1,0,0
686651663,5.1627,0,1,1,0,0
686951663,5.17236,0,1,1,0,0
687251663,5.11758,0,1,1,0,0
687551663,5.13047,0,1,1,0,0
687851663,5.15303,0,1,1,0,0
688151663,5.10791,0,1,1,0,0
688451687,5.16914,0,1,1,0,0
688751664,5.14658,0,1,1,0,0
689051663,5.15303,0,1,1,0,0
689361711,5.1627,0,1,1,0,0
689661663,5.16914,0,1,1,0,0
689961663,5.14014,0,1,1,0,0
690261663,5.14336,0,1,1,0,0
690561697,5.18042,0,1,1,0,0
690861663,5.1498,0,1,1,0,0
691171663,5.14336,0,1,1,0,0
691471663,5.12563,0,1,1,0,0
691771663,5.17559,0,1,1,0,0
692071663,5.18203,0,1,1,0,0
692371663,5.1627,0,1,1,0,0
692671690,5.12886,0,1,1,0,0
692971663,5.16108,0,1,1,0,0
693271663,5.15947,0,1,1,0,0
693571663,5.1498,0,1,1,0,0
693871705,5.14336,0,1,1,0,0
694181681,5.15303,0,1,1,0,0
694481663,5.18848,0,1,1,0,0
694781663,5.17559,0,1,1,0,0
695081663,5.1627,0,1,1,0,0
695381663,5.16914,0,1,1,0,0
695681663,5.18203,0,1,1,0,0
695991702,5.15786,0,1,1,0,0
696291707,5.18364,0,1,1,0,0
696591663,5.14014,0,1,1,0,0
696891663,5.13853,0,1,1,0,0
697191663,5.1498,0,1,1,0,0
697491663,5.13047,0,1,1,0,0
697791663,5.11758,0,1,1,0,0
698091713,5.1498,0,1,1,0,0
698391663,5.14336,0,1,1,0,0
698691663,5.15947,0,1,1,0,0
698991663,5.14336,0,1,1,0,0
699301663,5.12402,0,1,1,0,0
699601663,5.14336,0,1,1,0,0
699901691,5.15303,0,1,1,0,0
700201663,5.13369,0,1,1,0,0
700501663,5.13047,0,1,1,0,0
700801663,5.1772,0,1,1,0,0
701111662,5.12725,0,1,1,0,0
701411663,5.16914,0,1,1,0,0
701711667,5.14336,0,1,1,0,0
702011707,5.17559,0,1,1,0,0
702311664,5.15303,0,1,1,0,0
702611663,5.1627,0,1,1,0,0
702911663,5.1627,0,1,1,0,0
703211663,5.16914,0,1,1,0,0
703511663,5.17559,0,1,1,0,0
703821663,5.1627,0,1,1,0,0
704121667,5.1353,0,1,1,0,0
704421664,5.16592,0,1,1,0,0
704721683,5.13691,0,1,1,0,0
705021692,5.16914,0,1,1,0,0
705321663,5.13047,0,1,1,0,0
705621690,5.1627,0,1,1,0,0
705921669,5.15303,0,1,1,0,0
706231663,5.18525,0,1,1,0,0
706531663,5.13691,0,1,1,0,0
706831663,5.1498,0,1,1,0,0
707131663,5.16914,0,1,1,0,0
707431663,5.15303,0,1,1,0,0
707741666,5.13691,0,1,1,0,0
708041663,5.1498,0,1,1,0,0
708341663,5.15625,0,1,1,0,0
708641663,5.16914,0,1,1,0,0
708941663,5.14336,0,1,1,0,0
709241663,5.15786,0,1,1,0,0
709541676,5.17236,0,1,1,0,0
709841676,5.13691,0,1,1,0,0
710141662,5.14658,0,1,1,0,0
710441663,5.14336,0,1,1,0,0
710741663,5.15303,0,1,1,0,0
711051663,5.14336,0,1,1,0,0
711351663,5.1627,0,1,1,0,0
711651663,5.15142,0,1,1,0,0
711951661,5.14336,0,1,1,0,0
712251663,5.1627,0,1,1,0,0
712551663,5.11113,0,1,1,0,0
712851663,5.1498,0,1,1,0,0
713151663,5.14658,0,1,1,0,0
713451711,5.1498,0,1,1,0,0
713751663,5.14014,0,1,1,0,0
714061663,5.16914,0,1,1,0,0
714361672,5.13047,0,1,1,0,0
714661662,5.16914,0,1,1,0,0
714961663,5.12725,0,1,1,0,0
715261673,5.16914,0,1,1,0,0
715561693,5.16914,0,1,1,0,0
715861663,5.17236,0,1,1,0,0
716161663,5.1498,0,1,1,0,0
716461663,5.14336,0,1,1,0,0
716761663,5.15947,0,1,1,0,0
717071680,5.16914,0,1,1,0,0
717371663,5.13369,0,1,1,0,0
717671663,5.15947,0,1,1,0,0
717971663,5.16914,0,1,1,0,0
718271663,5.1498,0,1,1,0,0
718571663,5.16914,0,1,1,0,0
718871662,5.16914,0,1,1,0,0
719181707,5.16914,0,1,1,0,0
719481663,5.1498,0,1,1,0,0
719781707,5.1498,0,1,1,0,0
720081663,5.17559,0,1,1,0,0
720381663,5.15786,0,1,1,0,0
720681663,5.1498,0,1,1,0,0
720991663,5.16592,0,1,1,0,0
721291682,5.15303,0,1,1,0,0
721591663,5.16592,0,1,1,0,0
721891663,5.15303,0,1,1,0,0
722191663,5.12402,0,1,1,0,0
722491663,5.16914,0,1,1,0,0
722791663,5.15303,0,1,1,0,0
723091684,5.17559,0,1,1,0,0
723391663,5.17559,0,1,1,0,0
723691663,5.16914,0,1,1,0,0
724001669,5.15947,0,1,1,0,0
724301663,5.14658,0,1,1,0,0
724601663,5.15786,0,1,1,0,0
724901686,5.13691,0,1,1,0,0
725201663,5.15464,0,1,1,0,0
725501663,5.14658,0,1,1,0,0
725801663,5.12563,0,1,1,0,0
726101663,5.1498,0,1,1,0,0
726401663,5.11758,0,1,1,0,0
726701663,5.14336,0,1,1,0,0
727011682,5.16592,0,1,1,0,0
727311663,5.14014,0,1,1,0,0
727611663,5.14336,0,1,1,0,0
727911702,5.14014,0,1,1,0,0
728211663,5.16914,0,1,1,0,0
728511663,5.13369,0,1,1,0,0
728811663,5.14658,0,1,1,0,0
729111694,5.13691,0,1,1,0,0
729411663,5.15303,0,1,1,0,0
729711663,5.14497,0,1,1,0,0
730021663,5.13047,0,1,1,0,0
730321663,5.13691,0,1,1,0,0
730621666,5.18203,0,1,1,0,0
730921663,5.16914,0,1,1,0,0
731221663,5.17397,0,1,1,0,0
731521663,5.13047,0,1,1,0,0
731821663,5.15947,0,1,1,0,0
732121663,5.14658,0,1,1,0,0
732421663,5.18848,0,1,1,0,0
732721676,5.1627,0,1,1,0,0
733031663,5.16914,0,1,1,0,0
733331663,5.14658,0,1,1,0,0
733631663,5.13369,0,1,1,0,0
733931663,5.14336,0,1,1,0,0
734231663,5.1498,0,1,1,0,0
734531663,5.14658,0,1,1,0,0
734831663,5.18203,0,1,1,0,0
735131663,5.16914,0,1,1,0,0
735441663,5.13691,0,1,1,0,0
735741663,5.17236,0,1,1,0,0
736041685,5.14497,0,1,1,0,0
736341665,5.14336,0,1,1,0,0
736641663,5.1627,0,1,1,0,0
736941704,5.14658,0,1,1,0,0
737241663,5.14014,0,1,1,0,0
737541663,5.13691,0,1,1,0,0
737841667,5.15303,0,1,1,0,0
738151711,5.1627,0,1,1,0,0
738451679,5.18203,0,1,1,0,0
738751663,5.11758,0,1,1,0,0
739051663,5.14336,0,1,1,0,0
739351701,5.16592,0,1,1,0,0
739651663,5.15303,0,1,1,0,0
739961696,5.15947,0,1,1,0,0
740261663,5.13691,0,1,1,0,0
740561663,5.15303,0,1,1,0,0
740861663,5.15303,0,1,1,0,0
741161663,5.14658,0,1,1,0,0
741461663,5.14336,0,1,1,0,0
741761663,5.1627,0,1,1,0,0
742071702,5.1627,0,1,1,0,0
742371663,5.1627,0,1,1,0,0
742671663,5.15303,0,1,1,0,0
742971663,5.13691,0,1,1,0,0
743271662,5.13691,0,1,1,0,0
743571663,5.16914,0,1,1,0,0
743871702,5.13853,0,1,1,0,0
744171682,5.14336,0,1,1,0,0
744471664,5.14658,0,1,1,0,0
744781663,5.15464,0,1,1,0,0
745081663,5.1208,0,1,1,0,0
745381664,5.1498,0,1,1,0,0
745681662,5.15142,0,1,1,0,0
745981663,5.1627,0,1,1,0,0
746281663,5.15625,0,1,1,0,0
746581663,5.13047,0,1,1,0,0
746891663,5.1627,0,1,1,0,0
747191663,5.15464,0,1,1,0,0
747491663,5.16914,0,1,1,0,0
747791673,5.13047,0,1,1,0,0
748091663,5.1498,0,1,1,0,0
748391669,5.17559,0,1,1,0,0
748691663,5.16431,0,1,1,0,0
748991666,5.12402,0,1,1,0,0
749301663,5.13853,0,1,1,0,0
749601663,5.16914,0,1,1,0,0
749901682,5.1772,0,1,1,0,0
750201663,5.13691,0,1,1,0,0
750501663,5.1627,0,1,1,0,0
750801703,5.17236,0,1,1,0,0
751101663,5.1627,0,1,1,0,0
751401666,5.17559,0,1,1,0,0
751701663,5.1498,0,1,1,0,0
752011669,5.13691,0,1,1,0,0
752311663,5.17881,0,1,1,0,0
752611663,5.12402,0,1,1,0,0
752911663,5.1498,0,1,1,0,0
753211663,5.14336,0,1,1,0,0
753511672,5.16914,0,1,1,0,0
753821663,5.15303,0,1,1,0,0
754121663,5.1498,0,1,1,0,0
754421663,5.17559,0,1,1,0,0
754721663,5.15303,0,1,1,0,0
755021663,5.13047,0,1,1,0,0
755321663,5.1208,0,1,1,0,0
755631665,5.17559,0,1,1,0,0
755931663,5.17075,0,1,1,0,0
756231663,5.14336,0,1,1,0,0
756531663,5.13691,0,1,1,0,0
756831663,5.17236,0,1,1,0,0
757131663,5.12402,0,1,1,0,0
757431678,5.18203,0,1,1,0,0
757741667,5.12563,0,1,1,0,0
758041663,5.16914,0,1,1,0,0
758341683,5.15786,0,1,1,0,0
758641663,5.18364,0,1,1,0,0
758941663,5.15303,0,1,1,0,0
759241675,5.17559,0,1,1,0,0
760451663,5.18364,0,1,1,0,0
760751663,5.12402,0,1,1,0,0
761051663,5.0209,0,1,1,0,0
761351692,5.16914,0,1,1,0,0
761661663,5.13047,0,1,1,0,0
761961663,5.18203,0,1,1,0,0
762261663,5.15947,0,1,1,0,0
762561702,5.12725,0,1,1,0,0
762861663,5.16914,0,1,1,0,0
763161663,5.17075,0,1,1,0,0
763461671,5.14497,0,1,1,0,0
763761662,5.15464,0,1,1,0,0
764061674,5.15625,0,1,1,0,0
764361664,5.13047,0,1,1,0,0
764671696,5.14658,0,1,1,0,0
764971699,5.12563,0,1,1,0,0
765271663,5.14336,0,1,1,0,0
765571663,5.18203,0,1,1,0,0
765871663,5.1498,0,1,1,0,0
766171663,5.15464,0,1,1,0,0
766471663,5.16431,0,1,1,0,0
766781663,5.14497,0,1,1,0,0
767081702,5.13691,0,1,1,0,0
767381663,5.1627,0,1,1,0,0
767691672,5.15303,0,1,1,0,0
767991663,5.1627,0,1,1,0,0
768291663,5.1627,0,1,1,0,0
768591662,5.13369,0,1,1,0,0
768891663,5.17881,0,1,1,0,0
769191682,5.13047,0,1,1,0,0
769501663,5.15303,0,1,1,0,0
769801663,5.1627,0,1,1,0,0
770101662,5.15947,0,1,1,0,0
770401663,5.13691,0,1,1,0,0
770701663,5.17559,0,1,1,0,0
771001663,5.13047,0,1,1,0,0
771301663,5.11758,0,1,1,0,0
771601663,5.16914,0,1,1,0,0
771901662,5.15464,0,1,1,0,0
772201663,5.14658,0,1,1,0,0
772511663,5.11113,0,1,1,0,0
772811681,5.15303,0,1,1,0,0
773111663,5.17236,0,1,1,0,0
773411664,5.15625,0,1,1,0,0
773711663,5.11758,0,1,1,0,0
774011663,5.14658,0,1,1,0,0
774311663,5.1627,0,1,1,0,0
774621712,5.15303,0,1,1,0,0
774921677,5.12402,0,1,1,0,0
775221663,5.16914,0,1,1,0,0
775521663,5.15464,0,1,1,0,0
775821663,5.17559,0,1,1,0,0
776121664,5.13691,0,1,1,0,0
776421708,5.14336,0,1,1,0,0
776721663,5.16914,0,1,1,0,0
777021663,5.15947,0,1,1,0,0
777331663,5.16914,0,1,1,0,0
777631663,5.12402,0,1,1,0,0
777931663,5.13369,0,1,1,0,0
778231663,5.16431,0,1,1,0,0
778531712,5.1498,0,1,1,0,0
778831663,5.13369,0,1,1,0,0
779141663,5.1627,0,1,1,0,0
779441663,5.17559,0,1,1,0,0
779741663,5.1627,0,1,1,0,0
780041663,5.13691,0,1,1,0,0
780341663,5.18203,0,1,1,0,0
780641692,5.17881,0,1,1,0,0
780941663,5.16914,0,1,1,0,0
781241663,5.17559,0,1,1,0,0
781551698,5.12402,0,1,1,0,0
781851663,5.15464,0,1,1,0,0
782151663,5.13691,0,1,1,0,0
782451663,5.1627,0,1,1,0,0
782751697,5.14336,0,1,1,0,0
783051663,5.1627,0,1,1,0,0
783351706,5.15947,0,1,1,0,0
783651663,5.14336,0,1,1,0,0
783951663,5.1627,0,1,1,0,0
784261671,5.13691,0,1,1,0,0
784561663,5.1627,0,1,1,0,0
784861663,5.13691,0,1,1,0,0
785161663,5.13047,0,1,1,0,0
785461663,5.16914,0,1,1,0,0
785761663,5.15786,0,1,1,0,0
786061663,5.1498,0,1,1,0,0
786371687,5.16914,0,1,1,0,0
786671663,5.1498,0,1,1,0,0
786971663,5.16431,0,1,1,0,0
787281663,5.17236,0,1,1,0,0
787581663,5.11758,0,1,1,0,0
787881663,5.13691,0,1,1,0,0
788181706,5.17559,0,1,1,0,0
788491664,5.15464,0,1,1,0,0
788791663,5.15303,0,1,1,0,0
789091663,5.1627,0,1,1,0,0
789391663,5.14336,0,1,1,0,0
789691663,5.17559,0,1,1,0,0
789991691,5.1498,0,1,1,0,0
790291663,5.12725,0,1,1,0,0
790591663,5.15303,0,1,1,0,0
790891663,5.17559,0,1,1,0,0
791201663,5.11758,0,1,1,0,0
791501663,5.17881,0,1,1,0,0
791801700,5.14336,0,1,1,0,0
792101697,5.15947,0,1,1,0,0
792401704,5.12725,0,1,1,0,0
792701663,5.13369,0,1,1,0,0
793001663,5.13691,0,1,1,0,0
793311663,5.13369,0,1,1,0,0
793611663,5.14014,0,1,1,0,0
793911675,5.17236,0,1,1,0,0
794211668,5.12402,0,1,1,0,0
794511663,5.17559,0,1,1,0,0
794811663,5.14658,0,1,1,0,0
795121663,5.16914,0,1,1,0,0
795421663,5.13047,0,1,1,0,0
795721663,5.14014,0,1,1,0,0
796021663,5.15464,0,1,1,0,0
796321663,5.1627,0,1,1,0,0
796621663,5.13208,0,1,1,0,0
796921663,5.12402,0,1,1,0,0
797221663,5.15464,0,1,1,0,0
797521663,5.15303,0,1,1,0,0
797821698,5.13853,0,1,1,0,0
798131663,5.12725,0,1,1,0,0
798431663,5.15464,0,1,1,0,0
798731663,5.17559,0,1,1,0,0
799031663,5.13691,0,1,1,0,0
799331663,5.13691,0,1,1,0,0
799631665,5.16592,0,1,1,0,0
799931683,5.13691,0,1,1,0,0
800241663,5.16914,0,1,1,0,0
800541662,5.18525,0,1,1,0,0
800841663,5.15142,0,1,1,0,0
801141663,5.14658,0,1,1,0,0
801441663,5.15303,0,1,1,0,0
801741663,5.1498,0,1,1,0,0
802051663,5.15303,0,1,1,0,0
802351663,5.15303,0,1,1,0,0
802651669,5.17236,0,1,1,0,0
802951663,5.14014,0,1,1,0,0
803251663,5.14497,0,1,1,0,0
803551707,5.13369,0,1,1,0,0
803851663,5.16914,0,1,1,0,0
804151663,5.15625,0,1,1,0,0
804461663,5.17559,0,1,1,0,0
804761663,5.18848,0,1,1,0,0
805061663,5.11113,0,1,1,0,0
805361663,5.18203,0,1,1,0,0
805661672,5.13691,0,1,1,0,0
805971663,5.1498,0,1,1,0,0
806271679,5.1772,0,1,1,0,0
806571706,5.12402,0,1,1,0,0
806871692,5.14014,0,1,1,0,0
807171663,5.15947,0,1,1,0,0
807471663,5.1627,0,1,1,0,0
807771663,5.11758,0,1,1,0,0
808071663,5.14336,0,1,1,0,0
808371663,5.15303,0,1,1,0,0
808681663,5.14658,0,1,1,0,0
808981663,5.14336,0,1,1,0,0
809281676,5.13691,0,1,1,0,0
809581663,5.15142,0,1,1,0,0
809881672,5.17236,0,1,1,0,0
810191663,5.14658,0,1,1,0,0
810491662,5.14014,0,1,1,0,0
810791663,5.18203,0,1,1,0,0
811091663,5.15303,0,1,1,0,0
811391682,5.14336,0,1,1,0,0
811691663,5.13691,0,1,1,0,0
811991663,5.11113,0,1,1,0,0
812291663,5.1498,0,1,1,0,0
812591665,5.13369,0,1,1,0,0
812901663,5.1498,0,1,1,0,0
813201663,5.14336,0,1,1,0,0
813501663,5.16914,0,1,1,0,0
813801702,5.14336,0,1,1,0,0
814101663,5.1627,0,1,1,0,0
814401663,5.12725,0,1,1,0,0
814711664,5.1498,0,1,1,0,0
815011685,5.15625,0,1,1,0,0
815311663,5.15303,0,1,1,0,0
815611663,5.12402,0,1,1,0,0
815911663,5.13047,0,1,1,0,0
816211663,5.14014,0,1,1,0,0
816521663,5.16914,0,1,1,0,0
816821663,5.13691,0,1,1,0,0
817121694,5.14336,0,1,1,0,0
817421663,5.15625,0,1,1,0,0
817721663,5.13047,0,1,1,0,0
818021663,5.15947,0,1,1,0,0
818321674,5.1353,0,1,1,0,0
818621663,5.16914,0,1,1,0,0
818931684,5.14014,0,1,1,0,0
819231663,5.17881,0,1,1,0,0
819531663,5.1498,0,1,1,0,0
819831663,5.1353,0,1,1,0,0
820141663,5.13369,0,1,1,0,0
820441663,5.17559,0,1,1,0,0
820741699,5.16914,0,1,1,0,0
821041664,5.13208,0,1,1,0,0
821341663,5.1498,0,1,1,0,0
821651663,5.15947,0,1,1,0,0
821951663,5.1627,0,1,1,0,0
822251664,5.12402,0,1,1,0,0
822551664,5.17075,0,1,1,0,0
822861712,5.1627,0,1,1,0,0
823161663,5.1627,0,1,1,0,0
823461702,5.13691,0,1,1,0,0
823761663,5.16914,0,1,1,0,0
824061663,5.1208,0,1,1,0,0
824361663,5.16914,0,1,1,0,0
824661663,5.11758,0,1,1,0,0
824961667,5.1627,0,1,1,0,0
825261663,5.12886,0,1,1,0,0
825571663,5.12402,0,1,1,0,0
825871663,5.13047,0,1,1,0,0
826171663,5.13369,0,1,1,0,0
826471663,5.17559,0,1,1,0,0
826771663,5.14336,0,1,1,0,0
827071679,5.14336,0,1,1,0,0
827371663,5.16914,0,1,1,0,0
827671663,5.13691,0,1,1,0,0
827971663,5.14336,0,1,1,0,0
828271663,5.14658,0,1,1,0,0
828581679,5.11758,0,1,1,0,0
828881663,5.1498,0,1,1,0,0
829181663,5.17236,0,1,1,0,0
829481663,5.13691,0,1,1,0,0
829781664,5.13047,0,1,1,0,0
830081663,5.15786,0,1,1,0,0
830381663,5.12563,0,1,1,0,0
830681677,5.17559,0,1,1,0,0
830981663,5.12563,0,1,1,0,0
832191662,5.13691,0,1,1,0,0
832491663,5.1627,0,1,1,0,0
832791663,5.15303,0,1,1,0,0
833091663,5.16914,0,1,1,0,0
833391663,5.13691,0,1,1,0,0
833691663,5.1627,0,1,1,0,0
833991665,5.1498,0,1,1,0,0
834291664,5.13369,0,1,1,0,0
834601663,5.15303,0,1,1,0,0
834901663,5.13691,0,1,1,0,0
835201663,5.14336,0,1,1,0,0
835501663,5.15303,0,1,1,0,0
835801663,5.15786,0,1,1,0,0
836101663,5.14497,0,1,1,0,0
836401681,5.14336,0,1,1,0,0
836701663,5.13691,0,1,1,0,0
837001663,5.13047,0,1,1,0,0
837301663,5.13047,0,1,1,0,0
837611663,5.15303,0,1,1,0,0
837911663,5.1498,0,1,1,0,0
838211663,5.12725,0,1,1,0,0
838511663,5.1498,0,1,1,0,0
838811663,5.15786,0,1,1,0,0
839111697,5.1627,0,1,1,0,0
839411663,5.15303,0,1,1,0,0
839711663,5.11758,0,1,1,0,0
840011712,5.1498,0,1,1,0,0
840311664,5.17236,0,1,1,0,0
840621663,5.14014,0,1,1,0,0
840921663,5.12725,0,1,1,0,0
841221663,5.14336,0,1,1,0,0
841521712,5.14336,0,1,1,0,0
841821663,5.1498,0,1,1,0,0
842121667,5.13691,0,1,1,0,0
842421663,5.16914,0,1,1,0,0
842721663,5.14658,0,1,1,0,0
843021663,5.11758,0,1,1,0,0
843331663,5.1627,0,1,1,0,0
843631662,5.17236,0,1,1,0,0
843931663,5.16914,0,1,1,0,0
844231663,5.16914,0,1,1,0,0
844531663,5.1353,0,1,1,0,0
844831701,5.12725,0,1,1,0,0
845131663,5.15786,0,1,1,0,0
845431663,5.1627,0,1,1,0,0
845731704,5.15947,0,1,1,0,0
846031663,5.15303,0,1,1,0,0
846331673,5.16914,0,1,1,0,0
846641663,5.17559,0,1,1,0,0
846941663,5.15303,0,1,1,0,0
847241663,5.13047,0,1,1,0,0
847541663,5.13047,0,1,1,0,0
847841692,5.15303,0,1,1,0,0
848141663,5.15303,0,1,1,0,0
848441663,5.17559,0,1,1,0,0
848741663,5.12402,0,1,1,0,0
849041663,5.17075,0,1,1,0,0
849341696,5.15625,0,1,1,0,0
849651663,5.15947,0,1,1,0,0
849951694,5.13047,0,1,1,0,0
850251663,5.17559,0,1,1,0,0
850551664,5.14336,0,1,1,0,0
850851680,5.12402,0,1,1,0,0
851151663,5.11758,0,1,1,0,0
851451712,5.0918,0,1,1,0,0
851761688,5.15303,0,1,1,0,0
852061669,5.13691,0,1,1,0,0
852361663,5.1627,0,1,1,0,0
852661663,5.14658,0,1,1,0,0
852961663,5.14336,0,1,1,0,0
853261691,5.14658,0,1,1,0,0
853561668,5.14336,0,1,1,0,0
853861663,5.14336,0,1,1,0,0
854161663,5.15625,0,1,1,0,0
854461663,5.17236,0,1,1,0,0
855071663,5.13691,0,1,1,0,0
855371663,5.16914,0,1,1,0,0
855671663,5.1498,0,1,1,0,0
855971663,5.17559,0,1,1,0,0
856271669,5.15625,0,1,1,0,0
856571663,5.17559,0,1,1,0,0
856871663,5.19009,0,1,1,0,0
